i,percentile_column_name,month_start,num_surgeries_completed,average_session_utilisation,total_mins_overtime,total_mins_surgery_time,num_sessions_that_run_overtime,num_sessions_with_cancelled_surgeries,num_surgeries_cancelled
0,duration_60th_percentile,2015-03-01,48,0.8318647316534378,0.0,3144.4486856499943,0,4,5
1,duration_60th_percentile,2015-03-01,47,0.9001085802126468,0.0,3402.4104332038046,0,5,6
2,duration_60th_percentile,2015-03-01,46,0.896346034381111,0.0,3388.1880099605996,0,6,7
3,duration_60th_percentile,2015-03-01,46,0.8608835318061817,0.0,3254.1397502273667,0,4,7
4,duration_60th_percentile,2015-03-01,49,0.8581690625008115,0.0,3243.879056253067,0,3,4
5,duration_60th_percentile,2015-03-01,49,0.8851832773440721,0.0,3345.992788360593,0,4,4
6,duration_60th_percentile,2015-03-01,50,0.8789060411793738,0.0,3322.2648356580335,0,3,3
7,duration_60th_percentile,2015-03-01,47,0.8585139111094223,5.152382400530655,3250.3349663941476,1,4,6
8,duration_60th_percentile,2015-03-01,51,0.9157283877434753,0.0,3461.453305670337,0,2,2
9,duration_60th_percentile,2015-03-01,51,0.9370557823281424,1.6536296165445492,3543.7244868169228,1,1,2
10,duration_60th_percentile,2015-03-01,43,0.9303951267326498,11.917324968590037,3528.810904018006,1,4,10
11,duration_60th_percentile,2015-03-01,47,0.9446120945539123,11.934473519500443,3582.5681909332884,1,4,6
12,duration_60th_percentile,2015-03-01,48,0.9213086821787183,21.41662140056485,3503.9634400361197,1,4,5
13,duration_60th_percentile,2015-03-01,51,0.9287507354904043,0.0,3510.677780153728,0,2,2
14,duration_60th_percentile,2015-03-01,49,0.9312102565150372,128.79841786261545,3648.773187489456,1,3,4
15,duration_60th_percentile,2015-03-01,49,0.8989069202776688,0.0,3397.8681586495886,0,3,4
16,duration_60th_percentile,2015-03-01,52,0.8863198341102054,0.0,3350.288972936576,0,1,1
17,duration_60th_percentile,2015-03-01,49,0.8799820730665692,11.388347964183822,3337.7205841558152,1,3,4
18,duration_60th_percentile,2015-03-01,47,0.9304544611700785,95.93487811626858,3613.052741339165,3,4,6
19,duration_60th_percentile,2015-03-01,47,0.8906811185953922,0.0,3366.7746282905823,0,6,6
20,duration_60th_percentile,2015-03-01,48,0.9390889360227626,19.543566316611873,3569.2997444826556,2,4,5
21,duration_60th_percentile,2015-03-01,49,0.8663569749071501,40.24857036241417,3315.077935511442,1,4,4
22,duration_60th_percentile,2015-03-01,47,0.8914599721991455,0.0,3369.71869491277,0,5,6
23,duration_60th_percentile,2015-03-01,51,0.9391190771855793,8.998021619226733,3558.8681333807162,1,2,2
24,duration_60th_percentile,2015-03-01,48,0.8744130095112983,0.0,3305.2811759527076,0,4,5
25,duration_60th_percentile,2015-03-01,50,0.9528168961639257,77.01275566219897,3678.6606231618384,2,3,3
26,duration_60th_percentile,2015-03-01,48,0.8890048488425973,6.656014652601698,3367.0943432776194,1,4,5
27,duration_60th_percentile,2015-03-01,45,0.949790339990081,77.49129833420852,3667.6987834967144,1,5,8
28,duration_60th_percentile,2015-03-01,47,0.8774647738898836,0.0,3316.81684530376,0,3,6
29,duration_60th_percentile,2015-03-01,50,0.8838556070827525,0.0,3340.974194772804,0,2,3
30,duration_60th_percentile,2015-03-01,46,0.8738843248337729,0.0,3303.2827478716613,0,5,7
31,duration_60th_percentile,2015-03-01,46,0.8847437268713515,27.71977773152321,3372.0510653052324,1,4,7
32,duration_60th_percentile,2015-03-01,47,0.8759697263504942,0.0,3311.165565604868,0,5,6
33,duration_60th_percentile,2015-03-01,50,0.9144436189704931,8.89148390258788,3465.4883636110517,2,3,3
34,duration_60th_percentile,2015-03-01,51,0.901638087830815,0.0,3408.1919720004807,0,1,2
35,duration_60th_percentile,2015-03-01,49,0.8869059827062756,0.0,3352.5046146297213,0,4,4
36,duration_60th_percentile,2015-03-01,47,0.9022811991923577,4.121317231092121,3414.7442501782043,1,5,6
37,duration_60th_percentile,2015-03-01,47,0.8727467180733479,0.0,3298.982594317255,0,5,6
38,duration_60th_percentile,2015-03-01,48,0.9247443722579131,0.0,3495.5337271349117,0,5,5
39,duration_60th_percentile,2015-03-01,49,0.9049559665909913,36.9404668084843,3457.674020522432,1,4,4
40,duration_60th_percentile,2015-03-01,50,0.9141069521442517,73.72215397715058,3529.046433082422,2,3,3
41,duration_60th_percentile,2015-03-01,50,0.9051194348642438,0.0,3421.351463786841,0,2,3
42,duration_60th_percentile,2015-03-01,48,0.9005352103370157,29.923854466952662,3433.9469495408716,2,4,5
43,duration_60th_percentile,2015-03-01,50,0.9113451162242546,0.0,3444.8845393276824,0,2,3
44,duration_60th_percentile,2015-03-01,47,0.8708558657825003,0.0,3291.835172657851,0,4,6
45,duration_60th_percentile,2015-03-01,50,0.8671183807399184,0.0,3277.7074791968917,0,3,3
46,duration_60th_percentile,2015-03-01,49,0.9103964811877886,31.74630885466661,3473.045007744507,2,2,4
47,duration_60th_percentile,2015-03-01,48,0.9163308071061959,19.798236849362524,3483.528687710783,1,4,5
48,duration_60th_percentile,2015-03-01,47,0.8662060779861969,0.07894905984119305,3274.3379238476655,1,6,6
49,duration_60th_percentile,2015-03-01,48,0.8973666846766833,0.0,3392.046068077863,0,2,5
50,duration_60th_percentile,2015-03-01,49,0.9286191960374417,74.50148190476523,3584.6820429262953,1,3,4
51,duration_60th_percentile,2015-03-01,48,0.9167093536992904,13.718986490973066,3478.8803434742913,1,3,5
52,duration_60th_percentile,2015-03-01,45,0.883845712668632,0.0,3340.936793887429,0,6,8
53,duration_60th_percentile,2015-03-01,51,0.9226525577938497,0.0,3487.626668460752,0,2,2
54,duration_60th_percentile,2015-03-01,51,0.8435211813666849,0.0,3188.510065566069,0,2,2
55,duration_60th_percentile,2015-03-01,49,0.8873645635781939,5.170584831621113,3359.408635157194,1,4,4
56,duration_60th_percentile,2015-03-01,47,0.895925754267281,83.31207256216499,3469.911423692488,2,5,6
57,duration_60th_percentile,2015-03-01,47,0.9017657789065904,59.587891716052695,3468.262535982964,2,5,6
58,duration_60th_percentile,2015-03-01,48,0.9327374557567846,0.0,3525.747582760646,0,3,5
59,duration_60th_percentile,2015-03-01,48,0.941907701831256,30.71485027456754,3591.125963196716,2,3,5
60,duration_60th_percentile,2015-03-01,49,0.9037886460050973,0.0,3416.3210818992684,0,3,4
61,duration_60th_percentile,2015-03-01,48,0.9130090599967414,0.0,3451.1742467876834,0,4,5
62,duration_60th_percentile,2015-03-01,47,0.8510471429411451,0.0,3216.9582003175287,0,4,6
63,duration_60th_percentile,2015-03-01,49,0.8403412617792577,0.0,3176.489969525595,0,4,4
64,duration_60th_percentile,2015-03-01,48,0.8651901253566282,0.0,3270.418673848055,0,4,5
65,duration_60th_percentile,2015-03-01,47,0.9255299029651848,17.61105938897913,3516.1140925973773,1,4,6
66,duration_60th_percentile,2015-03-01,51,0.827600403525829,0.0,3128.329525327633,0,2,2
67,duration_60th_percentile,2015-03-01,50,0.9314719178344346,0.0,3520.9638494141623,0,1,3
68,duration_60th_percentile,2015-03-01,51,0.9012045348553179,37.50087856570042,3444.054020318802,1,2,2
69,duration_60th_percentile,2015-03-01,47,0.8846602959340285,0.0,3344.015918630628,0,5,6
70,duration_60th_percentile,2015-03-01,47,0.9259537866044177,25.1422034315558,3525.2475167962543,2,3,6
71,duration_60th_percentile,2015-03-01,47,0.8770876098622761,0.0,3315.3911652794036,0,4,6
72,duration_60th_percentile,2015-03-01,46,0.889095285594656,0.0,3360.7801795478,0,4,7
73,duration_60th_percentile,2015-03-01,50,0.914466109942391,0.0,3456.6818955822378,0,3,3
74,duration_60th_percentile,2015-03-01,45,0.8970930505491393,0.0,3391.011731075746,0,7,8
75,duration_60th_percentile,2015-03-01,48,0.912432646202108,43.430200056689046,3492.4256027006572,1,4,5
76,duration_60th_percentile,2015-03-01,48,0.9152088917831336,0.0,3459.4896109402457,0,4,5
77,duration_60th_percentile,2015-03-01,48,0.8884832467241869,0.0,3358.4666726174255,0,3,5
78,duration_60th_percentile,2015-03-01,46,0.9008028069350675,5.231846084813924,3410.2664562993687,1,4,7
79,duration_60th_percentile,2015-03-01,46,0.916938246031272,0.0,3466.026569998209,0,6,7
80,duration_60th_percentile,2015-03-01,51,0.8443531698847799,0.0,3191.6549821644685,0,2,2
81,duration_60th_percentile,2015-03-01,44,0.8871576252903822,25.4967132473505,3378.952536844995,1,6,9
82,duration_60th_percentile,2015-03-01,45,0.9061435486550973,0.0,3425.222613916267,0,5,8
83,duration_60th_percentile,2015-03-01,48,0.8880679036944235,0.0,3356.896675964921,0,5,5
84,duration_60th_percentile,2015-03-01,45,0.9096553601758536,0.0,3438.4972614647263,0,5,8
85,duration_60th_percentile,2015-03-01,49,0.8552939482948229,0.0,3233.011124554431,0,3,4
86,duration_60th_percentile,2015-03-01,49,0.887871615158825,0.0,3356.1547053003583,0,4,4
87,duration_60th_percentile,2015-03-01,48,0.8952123527340043,0.0,3383.902693334536,0,4,5
88,duration_60th_percentile,2015-03-01,47,0.9625327878259763,76.38339072610495,3714.757328708295,2,4,6
89,duration_60th_percentile,2015-03-01,49,0.9226778547755586,14.69032960032132,3502.412620651933,1,4,4
90,duration_60th_percentile,2015-03-01,49,0.8974281658227954,16.346422356511425,3408.6248891666783,1,4,4
91,duration_60th_percentile,2015-03-01,51,0.9386341128777572,0.0,3548.0369466779216,0,2,2
92,duration_60th_percentile,2015-03-01,49,0.9072437918298082,5.611994554895205,3434.99352767157,1,3,4
93,duration_60th_percentile,2015-03-01,50,0.8621207641015091,2.7985345538146476,3261.615022857519,1,3,3
94,duration_60th_percentile,2015-03-01,48,0.8922027333053508,0.0,3372.526331894226,0,5,5
95,duration_60th_percentile,2015-03-01,49,0.8678719608829492,0.0,3280.556012137548,0,2,4
96,duration_60th_percentile,2015-03-01,48,0.90714036129903,61.717563323284935,3490.7081290336178,2,4,5
97,duration_60th_percentile,2015-03-01,45,0.8684322209099812,0.0,3282.673795039729,0,6,8
98,duration_60th_percentile,2015-03-01,46,0.8802021940824878,62.793695176566644,3389.9579888083704,1,5,7
99,duration_60th_percentile,2015-03-01,49,0.9619024028246616,182.5456873946033,3818.536770071824,1,3,4
100,duration_60th_percentile,2015-03-01,50,0.9395384313575519,116.86748101311389,3668.32275154466,2,2,3
101,duration_60th_percentile,2015-03-01,48,0.874302561318227,71.2524460232097,3376.116127806108,1,4,5
102,duration_60th_percentile,2015-03-01,49,0.9251382484413162,0.0,3497.0225791081757,0,4,4
103,duration_60th_percentile,2015-03-01,51,0.8865166950039468,22.720435350508296,3373.753542465427,1,2,2
104,duration_60th_percentile,2015-03-01,47,0.8910376790639283,0.0,3368.122426861649,0,4,6
105,duration_60th_percentile,2015-03-01,45,0.8922976471501878,1.7292884104799668,3374.61439463819,1,6,8
106,duration_60th_percentile,2015-03-01,47,0.9118271158237423,0.0,3446.706497813746,0,4,6
107,duration_60th_percentile,2015-03-01,47,0.9212586981200158,0.0,3482.3578788936597,0,5,6
108,duration_60th_percentile,2015-03-01,48,0.8853297400094714,0.07333574046742797,3346.6197529762694,1,5,5
109,duration_60th_percentile,2015-03-01,51,0.9476825214987653,0.0,3582.2399312653324,0,2,2
110,duration_60th_percentile,2015-03-01,44,0.8762425142604942,16.747968196209854,3328.944672100878,1,6,9
111,duration_60th_percentile,2015-03-01,46,0.9066304361496378,0.0,3427.063048645631,0,6,7
112,duration_60th_percentile,2015-03-01,45,0.8945094459515335,0.192434322510735,3381.4381400193074,1,4,8
113,duration_60th_percentile,2015-03-01,48,0.913013580007229,0.0,3451.1913324273255,0,3,5
114,duration_60th_percentile,2015-03-01,50,0.9381601838648981,252.25857979807483,3798.5040748073893,1,3,3
115,duration_60th_percentile,2015-03-01,45,0.8934404624090001,29.010793888689022,3406.215741794709,1,6,8
116,duration_60th_percentile,2015-03-01,51,0.9162950125781107,41.175032652366895,3504.7701801976255,2,2,2
117,duration_60th_percentile,2015-03-01,51,0.9405168587655611,10.001470561486713,3565.1551966953075,2,2,2
118,duration_60th_percentile,2015-03-01,48,0.8663601579100805,0.0,3274.841396900104,0,4,5
119,duration_60th_percentile,2015-03-01,48,0.911866702980468,19.57588862657792,3466.432025892747,1,5,5
120,duration_60th_percentile,2015-03-01,49,0.9161636849582937,0.0,3463.09872914235,0,3,4
121,duration_60th_percentile,2015-03-01,48,0.944236336331687,14.353157871637904,3583.566509205415,2,3,5
122,duration_60th_percentile,2015-03-01,48,0.882363335903525,0.0,3335.333409715324,0,4,5
123,duration_60th_percentile,2015-03-01,50,0.9247020775945783,7.369935092513856,3502.743788400019,2,2,3
124,duration_60th_percentile,2015-03-01,47,0.8997077776041004,0.0,3400.895399343499,0,5,6
125,duration_60th_percentile,2015-03-01,50,0.9401029054062965,13.942042741955106,3567.5310251777555,2,2,3
126,duration_60th_percentile,2015-03-01,46,0.8786500863256361,136.39265876200398,3457.689985072909,1,6,7
127,duration_60th_percentile,2015-03-01,49,0.859312893611599,0.0,3248.202737851844,0,4,4
128,duration_60th_percentile,2015-03-01,48,0.9410512912664384,32.4001529447753,3589.5740339319127,1,5,5
129,duration_60th_percentile,2015-03-01,49,0.900531081145534,13.214321528598134,3417.2218082587174,1,3,4
130,duration_60th_percentile,2015-03-01,47,0.859335103362029,60.39712911872118,3308.683819827191,2,4,6
131,duration_60th_percentile,2015-03-01,48,0.8456428571129252,0.0,3196.5299998868577,0,5,5
132,duration_60th_percentile,2015-03-01,44,0.9405207284301299,22.623936413436923,3577.792289879328,4,5,9
133,duration_60th_percentile,2015-03-01,49,0.833252498048008,0.0,3149.6944426214704,0,4,4
134,duration_60th_percentile,2015-03-01,51,0.8946009928935217,0.0,3381.591753137511,0,2,2
135,duration_60th_percentile,2015-03-01,47,0.929029331324072,0.0,3511.7308724049917,0,5,6
136,duration_60th_percentile,2015-03-01,47,0.8894376560962517,0.0,3362.0743400438314,0,5,6
137,duration_60th_percentile,2015-03-01,52,0.919338225928423,15.283488142867895,3490.381982152307,1,1,1
138,duration_60th_percentile,2015-03-01,47,0.9573268337945351,39.0469750680528,3657.742406811396,2,3,6
139,duration_60th_percentile,2015-03-01,51,0.9242060076525359,5.640632591199164,3499.1393415177845,1,2,2
140,duration_60th_percentile,2015-03-01,46,0.9046281584611195,0.0,3419.4944389830325,0,5,7
141,duration_60th_percentile,2015-03-01,49,0.8361538963047741,0.0,3160.6617280320465,0,4,4
142,duration_60th_percentile,2015-03-01,46,0.8837973703956378,2.818918022660341,3343.572978118171,1,5,7
143,duration_60th_percentile,2015-03-01,50,0.879086452613666,12.208179903472796,3335.1549707831305,1,3,3
144,duration_60th_percentile,2015-03-01,50,0.9563450013387513,114.33395622252908,3729.3180612830092,3,2,3
145,duration_60th_percentile,2015-03-01,47,0.9249254807100561,48.30156740518407,3544.519884489196,1,5,6
146,duration_60th_percentile,2015-03-01,44,0.8792920952406847,0.0,3323.724120009788,0,6,9
147,duration_60th_percentile,2015-03-01,50,0.8919390518396556,0.0,3371.529615953898,0,3,3
148,duration_60th_percentile,2015-03-01,49,0.9441815417538278,47.17670454999825,3616.1829323794677,1,4,4
149,duration_60th_percentile,2015-03-01,50,0.9368774922024937,28.478954022537664,3569.8758745479636,1,3,3
150,duration_60th_percentile,2015-03-01,47,0.8817249109548476,0.0,3332.920163409324,0,5,6
151,duration_60th_percentile,2015-03-01,49,0.8650173646645491,0.0,3269.7656384319957,0,4,4
152,duration_60th_percentile,2015-03-01,47,0.9481812789409453,13.65884528980564,3597.784079686579,3,4,6
153,duration_60th_percentile,2015-03-01,51,0.9333460177014812,68.63027779947652,3596.678224711076,2,2,2
154,duration_60th_percentile,2015-03-01,50,0.8683998163749942,0.0,3282.5513058974784,0,3,3
155,duration_60th_percentile,2015-03-01,51,0.9546284259072293,103.39772231511006,3711.8931722444368,2,2,2
156,duration_60th_percentile,2015-03-01,47,0.8866680319858364,0.7648570272766619,3352.370017933739,1,4,6
157,duration_60th_percentile,2015-03-01,50,0.8700545100333861,0.0,3288.8060479261994,0,3,3
158,duration_60th_percentile,2015-03-01,48,0.8912474758444474,0.0,3368.9154586920113,0,5,5
159,duration_60th_percentile,2015-03-01,44,0.8351507452490553,0.0,3156.869817041429,0,5,9
160,duration_60th_percentile,2015-03-01,49,0.8226529644943439,0.0,3109.62820578862,0,4,4
161,duration_60th_percentile,2015-03-01,51,0.8750537127079688,0.0,3307.7030340361225,0,2,2
162,duration_60th_percentile,2015-03-01,45,0.9111090414310042,74.89856897954166,3518.8907455887384,1,5,8
163,duration_60th_percentile,2015-03-01,44,0.9142712820898876,66.15508722848483,3522.1005335282603,2,6,9
164,duration_60th_percentile,2015-03-01,46,0.880925948264767,0.0,3329.9000844408192,0,5,7
165,duration_60th_percentile,2015-03-01,45,0.9082045532222833,22.03982131560724,3455.053032495838,1,5,8
166,duration_60th_percentile,2015-03-01,51,0.9304927008380501,5.8247192390776945,3523.087128406907,2,2,2
167,duration_60th_percentile,2015-03-01,49,0.889120224501686,5.29873298113273,3366.173181597506,1,3,4
168,duration_60th_percentile,2015-03-01,45,0.8852689346499697,0.0,3346.3165729768857,0,5,8
169,duration_60th_percentile,2015-03-01,46,0.861150327850272,0.0,3255.1482392740286,0,6,7
170,duration_60th_percentile,2015-03-01,48,0.8471950905968029,0.0,3202.397442455915,0,4,5
171,duration_60th_percentile,2015-03-01,45,0.8823740142400266,0.0,3335.373773827301,0,5,8
172,duration_60th_percentile,2015-03-01,47,0.8752010265759048,0.0,3308.2598804569207,0,4,6
173,duration_60th_percentile,2015-03-01,49,0.9746165689800598,86.25909131759158,3770.3097220622176,3,3,4
174,duration_60th_percentile,2015-03-01,49,0.9000645410588598,29.583103381895512,3431.8270685843854,1,4,4
175,duration_60th_percentile,2015-03-01,49,0.9100967992303071,0.0,3440.165901090561,0,4,4
176,duration_60th_percentile,2015-03-01,48,0.925493768123053,0.0,3498.3664435051405,0,3,5
177,duration_60th_percentile,2015-03-01,50,0.8492615805681822,0.0,3210.2087745477293,0,3,3
178,duration_60th_percentile,2015-03-01,47,0.8721160522730127,0.0,3296.5986775919882,0,4,6
179,duration_60th_percentile,2015-03-01,46,0.9244734295317183,7.807521481297954,3502.317085111193,1,5,7
180,duration_60th_percentile,2015-03-01,47,0.9285978836228209,0.0,3510.1000000942627,0,4,6
181,duration_60th_percentile,2015-03-01,49,0.9134244732964512,29.805990218106672,3482.550499278692,1,3,4
182,duration_60th_percentile,2015-03-01,48,0.88762826167754,0.0,3355.234829141101,0,5,5
183,duration_60th_percentile,2015-03-01,47,0.921360373064984,0.0,3482.742210185639,0,3,6
184,duration_60th_percentile,2015-03-01,48,0.8660216262177792,0.0,3273.5617471032056,0,5,5
185,duration_60th_percentile,2015-03-01,45,0.900660696571286,0.703629469516045,3405.201062508977,1,4,8
186,duration_60th_percentile,2015-03-01,50,0.917564181246508,0.0,3468.3926051118,0,2,3
187,duration_60th_percentile,2015-03-01,49,0.9517686826241771,1.2933993294273023,3598.979019648817,1,4,4
188,duration_60th_percentile,2015-03-01,49,0.9301338136721213,63.863123939714,3579.7689396203323,2,3,4
189,duration_60th_percentile,2015-03-01,44,0.8675148737822678,0.0,3279.206222896972,0,7,9
190,duration_60th_percentile,2015-03-01,49,0.9341531323390331,1.7811226513999827,3532.8799628929446,1,3,4
191,duration_60th_percentile,2015-03-01,45,0.8620284152156448,0.0,3258.4674095151377,0,6,8
192,duration_60th_percentile,2015-03-01,50,0.9459838218064544,6.397817332039949,3582.2166637604378,1,2,3
193,duration_60th_percentile,2015-03-01,47,0.9306141617583462,97.39089862843889,3615.112430074987,1,5,6
194,duration_60th_percentile,2015-03-01,52,0.9407963388103724,114.07845857611733,3670.2886192793253,1,1,1
195,duration_60th_percentile,2015-03-01,47,0.9413904683350595,0.0,3558.455970306525,0,5,6
196,duration_60th_percentile,2015-03-01,48,0.8961066005156807,0.0,3387.2829499492727,0,4,5
197,duration_60th_percentile,2015-03-01,48,0.9515214285211607,0.0,3596.750999809988,0,5,5
198,duration_60th_percentile,2015-03-01,49,0.8901219476549281,0.0,3364.660962135628,0,4,4
199,duration_60th_percentile,2015-03-01,50,0.9045910953416648,32.46637354823042,3451.820713939723,1,3,3
200,duration_60th_percentile,2015-03-01,50,0.9151293189911038,0.0,3459.188825786372,0,2,3
201,duration_60th_percentile,2015-03-01,44,0.9390104830500225,26.856759584100587,3576.316385513185,1,4,9
202,duration_60th_percentile,2015-03-01,44,0.8620632319398657,0.0,3258.5990167326922,0,6,9
203,duration_60th_percentile,2015-03-01,47,0.8799005800334897,0.0,3326.0241925265914,0,5,6
204,duration_60th_percentile,2015-03-01,47,0.9134117714975803,13.882803140084889,3466.5792994009385,1,6,6
205,duration_60th_percentile,2015-03-01,51,0.927806062436245,0.0,3507.1069160090055,0,2,2
206,duration_60th_percentile,2015-03-01,43,0.9023463408925467,0.0,3410.8691685738263,0,6,10
207,duration_60th_percentile,2015-03-01,52,0.8803806204923317,32.85629063838894,3360.695036099403,2,1,1
208,duration_60th_percentile,2015-03-01,49,0.8996399279524541,40.40653776790657,3441.0454654281834,1,3,4
209,duration_60th_percentile,2015-03-01,51,0.9024385200159305,7.292720371836253,3418.5103260320534,1,2,2
210,duration_60th_percentile,2015-03-01,48,0.8886350115497723,0.0,3359.040343658139,0,4,5
211,duration_60th_percentile,2015-03-01,47,0.9271941446350268,0.0,3504.793866720401,0,4,6
212,duration_60th_percentile,2015-03-01,45,0.9079335305228022,0.0,3431.9887453761926,0,4,8
213,duration_60th_percentile,2015-03-01,50,0.8755602280338308,0.6072142860742815,3310.2248762539543,1,3,3
214,duration_60th_percentile,2015-03-01,49,0.8801533306803649,9.721780965052403,3336.701370936831,2,3,4
215,duration_60th_percentile,2015-03-01,50,0.8981929792066522,0.0,3395.1694614011453,0,3,3
216,duration_60th_percentile,2015-03-01,48,0.9087164829053981,29.032251902138455,3463.980557284543,1,5,5
217,duration_60th_percentile,2015-03-01,49,0.8981078159948858,0.8113997320000408,3395.6589441926685,1,4,4
218,duration_60th_percentile,2015-03-01,45,0.9281944837060321,49.96137645586441,3558.536524864666,1,6,8
219,duration_60th_percentile,2015-03-01,46,0.9290307441484835,0.0,3511.736212881268,0,5,7
220,duration_60th_percentile,2015-03-01,50,0.8917617428581818,0.0,3370.8593880039266,0,3,3
221,duration_60th_percentile,2015-03-01,45,0.9328077387623254,105.6787243257088,3631.691976847299,1,5,8
222,duration_60th_percentile,2015-03-01,48,0.9005181252964851,0.0,3403.9585136207133,0,4,5
223,duration_60th_percentile,2015-03-01,48,0.8720490749581978,0.0,3296.345503341988,0,4,5
224,duration_60th_percentile,2015-03-01,51,0.8820482467415754,1.4737863015474204,3335.6161589847025,1,2,2
225,duration_60th_percentile,2015-03-01,49,0.8718801046290415,0.0,3295.7067954977765,0,4,4
226,duration_60th_percentile,2015-03-01,48,0.8759594657871307,0.0,3311.126780675354,0,5,5
227,duration_60th_percentile,2015-03-01,47,0.9307364511538879,79.32024571181694,3597.504031073513,1,5,6
228,duration_60th_percentile,2015-03-01,49,0.9074799821104611,0.0,3430.2743323775435,0,2,4
229,duration_60th_percentile,2015-03-01,47,0.9257824865776804,0.0,3499.4577992636314,0,4,6
230,duration_60th_percentile,2015-03-01,51,0.9425772026470641,33.99889790581642,3596.940723911719,1,2,2
231,duration_60th_percentile,2015-03-01,51,0.8851057598075129,0.0,3345.699772072399,0,2,2
232,duration_60th_percentile,2015-03-01,50,0.8635464837171604,0.0,3264.2057084508665,0,3,3
233,duration_60th_percentile,2015-03-01,49,0.9192081706680827,0.0,3474.606885125352,0,3,4
234,duration_60th_percentile,2015-03-01,49,0.8864367548935705,0.8218638117986075,3351.5527973094954,1,3,4
235,duration_60th_percentile,2015-03-01,51,0.8557306925458218,0.0,3234.662017823206,0,2,2
236,duration_60th_percentile,2015-03-01,47,0.9233327141538086,2.499294998710411,3492.6969545001066,1,5,6
237,duration_60th_percentile,2015-03-01,47,0.8761690148294443,0.0,3311.9188760552997,0,5,6
238,duration_60th_percentile,2015-03-01,48,0.9052374675273986,7.1098298301402565,3428.907457083707,1,4,5
239,duration_60th_percentile,2015-03-01,48,0.9031233830399088,15.66527909503668,3429.4716669858913,1,4,5
240,duration_60th_percentile,2015-03-01,48,0.8632371025522891,0.0,3263.036247647653,0,4,5
241,duration_60th_percentile,2015-03-01,46,0.9199410306617117,13.092221667889817,3490.46931756916,1,4,7
242,duration_60th_percentile,2015-03-01,48,0.8675300618584768,8.174219102051552,3287.4378529270934,1,4,5
243,duration_60th_percentile,2015-03-01,50,0.9497385302037138,19.0339312245909,3609.0455753946285,1,3,3
244,duration_60th_percentile,2015-03-01,50,0.9669820531898082,28.445847083004082,3683.6380081404795,1,2,3
245,duration_60th_percentile,2015-03-01,47,0.9338799936039078,0.0,3530.066375822772,0,3,6
246,duration_60th_percentile,2015-03-01,49,0.8598764803339296,0.0,3250.333095662254,0,4,4
247,duration_60th_percentile,2015-03-01,45,0.8928300260151337,11.895699410112343,3386.793197747317,1,5,8
248,duration_60th_percentile,2015-03-01,48,0.8636248510599241,0.0,3264.501937006513,0,3,5
249,duration_60th_percentile,2015-03-01,45,0.9080890452543723,54.70882511847185,3487.285416179999,1,4,8
250,duration_60th_percentile,2015-03-01,50,0.9509653244910924,34.44208690023265,3629.091013476562,1,3,3
251,duration_60th_percentile,2015-03-01,48,0.8814516976257519,6.189089553395206,3338.0765065787373,1,3,5
252,duration_60th_percentile,2015-03-01,50,0.9046245143094079,38.60191388744647,3458.0825779770094,2,3,3
253,duration_60th_percentile,2015-03-01,49,0.9114475955161679,53.435527430146635,3498.7074384812618,1,4,4
254,duration_60th_percentile,2015-03-01,49,0.9200031288903575,9.461386789195899,3487.0732139947477,1,4,4
255,duration_60th_percentile,2015-03-01,47,0.9434824224867355,13.157711799894855,3579.521268799755,2,4,6
256,duration_60th_percentile,2015-03-01,48,0.9312772023995564,65.78080667741483,3586.008631747738,1,4,5
257,duration_60th_percentile,2015-03-01,47,0.9743419490421081,11.172281223511618,3694.18484860268,1,5,6
258,duration_60th_percentile,2015-03-01,47,0.9284532512061705,89.48950338791042,3599.042792947235,1,4,6
259,duration_60th_percentile,2015-03-01,47,0.9313892272380724,0.0,3520.6512789599133,0,4,6
260,duration_60th_percentile,2015-03-01,46,0.8842368219923459,0.0,3342.4151871310673,0,5,7
261,duration_60th_percentile,2015-03-01,46,0.8810795279783201,0.0,3330.48061575805,0,5,7
262,duration_60th_percentile,2015-03-01,48,0.9406562841000453,0.0,3555.6807538981716,0,4,5
263,duration_60th_percentile,2015-03-01,49,0.8370311425670574,0.0,3163.9777189034776,0,2,4
264,duration_60th_percentile,2015-03-01,46,0.9252483755584446,0.0,3497.4388596109206,0,4,7
265,duration_60th_percentile,2015-03-01,52,0.8734348474760593,0.0,3301.5837234595037,0,1,1
266,duration_60th_percentile,2015-03-01,50,0.9601031814653902,321.3259712536435,3950.5159971928183,1,2,3
267,duration_60th_percentile,2015-03-01,50,0.9245764385072855,19.955767438369207,3514.8547049959084,1,3,3
268,duration_60th_percentile,2015-03-01,45,0.8787553337172719,0.0,3321.695161451288,0,5,8
269,duration_60th_percentile,2015-03-01,51,0.9143325226733593,86.03184811410551,3542.208783819403,1,2,2
270,duration_60th_percentile,2015-03-01,49,0.8915327913908923,0.0,3369.9939514575726,0,2,4
271,duration_60th_percentile,2015-03-01,49,0.8844615620698255,0.0,3343.2647046239404,0,4,4
272,duration_60th_percentile,2015-03-01,47,0.8937700570582946,0.0,3378.450815680353,0,6,6
273,duration_60th_percentile,2015-03-01,49,0.8922981801062428,0.0,3372.8871208015976,0,3,4
274,duration_60th_percentile,2015-03-01,50,0.9013005483332183,34.85194662259596,3441.768019322161,2,2,3
275,duration_60th_percentile,2015-03-01,49,0.9297965023178991,79.34889532080695,3593.979674082466,1,4,4
276,duration_60th_percentile,2015-03-01,50,0.8957083361740591,0.0,3385.777510737944,0,3,3
277,duration_60th_percentile,2015-03-01,49,0.8918101451092378,0.0,3371.0423485129186,0,4,4
278,duration_60th_percentile,2015-03-01,50,0.9569593681684089,104.26299699700462,3721.56940867359,3,2,3
279,duration_60th_percentile,2015-03-01,48,0.9585047249826327,56.515800323425424,3679.663660757776,1,4,5
280,duration_60th_percentile,2015-03-01,48,0.8603924433052171,0.0,3252.283435693721,0,5,5
281,duration_60th_percentile,2015-03-01,50,0.9327794820806491,16.366741534079893,3542.273183798933,1,2,3
282,duration_60th_percentile,2015-03-01,50,0.8797106322018097,15.266011873682146,3340.572201596523,1,3,3
283,duration_60th_percentile,2015-03-01,52,0.959920906655879,8.847363836093336,3637.3483909953165,1,1,1
284,duration_60th_percentile,2015-03-01,51,0.9475312776741903,3.5113558495331745,3585.1795854579727,1,2,2
285,duration_60th_percentile,2015-03-01,48,0.9203676032917024,0.0,3478.989540442635,0,4,5
286,duration_60th_percentile,2015-03-01,51,0.9696686033691406,122.41144847551027,3787.758769210862,3,2,2
287,duration_60th_percentile,2015-03-01,46,0.9055248224272541,0.0,3422.8838287750204,0,4,7
288,duration_60th_percentile,2015-03-01,49,0.8831230993571199,0.0,3338.2053155699127,0,4,4
289,duration_60th_percentile,2015-03-01,45,0.8950865418976617,5.28234224863445,3388.709470621795,1,6,8
290,duration_60th_percentile,2015-03-01,47,0.8512250019665408,0.0,3217.630507433524,0,5,6
291,duration_60th_percentile,2015-03-01,49,0.9396334943439983,46.884134558797655,3598.6987431791113,2,2,4
292,duration_60th_percentile,2015-03-01,45,0.8746053183039102,0.0,3306.0081031887808,0,6,8
293,duration_60th_percentile,2015-03-01,51,0.8953351921180797,0.0,3384.3670262063406,0,2,2
294,duration_60th_percentile,2015-03-01,48,0.9121550741350826,0.0,3447.9461802306123,0,4,5
295,duration_60th_percentile,2015-03-01,46,0.862501200965806,10.442800565671405,3270.6973402164185,1,5,7
296,duration_60th_percentile,2015-03-01,51,0.9408757526156811,0.0,3556.5103448872746,0,1,2
297,duration_60th_percentile,2015-03-01,47,0.8840714313871668,0.0,3341.7900106434913,0,4,6
298,duration_60th_percentile,2015-03-01,45,0.9311253019791998,43.95931029405381,3563.6129517754293,2,5,8
299,duration_60th_percentile,2015-03-01,49,0.8653510723454717,83.29882859478857,3354.325882060672,1,3,4
300,duration_60th_percentile,2015-03-01,45,0.9302414043192285,30.930684589437988,3547.2431929161216,2,4,8
301,duration_60th_percentile,2015-03-01,46,0.8825548399739169,0.0,3336.0572951014065,0,4,7
302,duration_60th_percentile,2015-03-01,51,0.9034143225487474,141.77097162370887,3556.6771108579746,1,2,2
303,duration_60th_percentile,2015-03-01,51,0.9200954240598648,29.716573729321226,3507.6772766756103,1,2,2
304,duration_60th_percentile,2015-03-01,47,0.9405586949997994,45.79909351217816,3601.1109606114196,3,4,6
305,duration_60th_percentile,2015-03-01,46,0.8449912573653873,0.0,3194.066952841164,0,5,7
306,duration_60th_percentile,2015-03-01,46,0.8976388906665796,13.497469543991542,3406.572476263663,2,5,7
307,duration_60th_percentile,2015-03-01,50,0.8717850875237063,0.0,3295.3476308396102,0,3,3
308,duration_60th_percentile,2015-03-01,48,0.8684758973250738,0.0,3282.838891888779,0,5,5
309,duration_60th_percentile,2015-03-01,48,0.9558523442531983,5.610408583488038,3618.7322698605776,1,3,5
310,duration_60th_percentile,2015-03-01,43,0.885353050330627,0.0,3346.6345302497693,0,6,10
311,duration_60th_percentile,2015-03-01,50,0.8827424611612981,9.664523966760044,3346.431027156467,1,3,3
312,duration_60th_percentile,2015-03-01,51,0.9494643693968217,6.145146386862734,3595.1204627068482,1,2,2
313,duration_60th_percentile,2015-03-01,44,0.9177751135323985,0.0,3469.189929152467,0,5,9
314,duration_60th_percentile,2015-03-01,50,0.9058771751680627,99.91297587566703,3524.128698010944,1,2,3
315,duration_60th_percentile,2015-03-01,48,0.9167593674175404,0.0,3465.3504088383024,0,4,5
316,duration_60th_percentile,2015-03-01,46,0.9412579887718063,32.95771264564428,3590.912910203072,2,5,7
317,duration_60th_percentile,2015-03-01,50,0.8710767223918037,0.0,3292.670010641017,0,3,3
318,duration_60th_percentile,2015-03-01,47,0.8711816779519257,2.0441805801593773,3295.1109232384383,1,5,6
319,duration_60th_percentile,2015-03-01,50,0.9228666200693788,0.0,3488.435823862252,0,3,3
320,duration_60th_percentile,2015-03-01,47,0.8892819151046846,2.270792081696868,3363.7564311774045,1,3,6
321,duration_60th_percentile,2015-03-01,50,0.9309353178093139,64.99660575792245,3583.932107077129,1,3,3
322,duration_60th_percentile,2015-03-01,49,0.9324071502752156,5.787573102815372,3530.2866011431306,1,3,4
323,duration_60th_percentile,2015-03-01,48,0.8806088600401983,10.713388059332942,3339.414879011283,1,4,5
324,duration_60th_percentile,2015-03-01,46,0.865080073947915,86.73135114489742,3356.7340306680157,1,6,7
325,duration_60th_percentile,2015-03-01,48,0.8836888882063221,6.64747929247801,3346.9914767123755,1,5,5
326,duration_60th_percentile,2015-03-01,45,0.9300772439826258,0.0,3515.6919822543246,0,6,8
327,duration_60th_percentile,2015-03-01,51,0.9094617806496759,0.0,3437.7655308557746,0,2,2
328,duration_60th_percentile,2015-03-01,47,0.9086918742093968,0.0,3434.85528451152,0,6,6
329,duration_60th_percentile,2015-03-01,49,0.8699608849138744,0.0,3288.4521449744448,0,4,4
330,duration_60th_percentile,2015-03-01,44,0.8846661923957743,0.0,3344.0382072560265,0,7,9
331,duration_60th_percentile,2015-03-01,46,0.8344772209758168,3.522948999717869,3157.846844288305,1,5,7
332,duration_60th_percentile,2015-03-01,44,0.968001316017281,62.64216364814513,3721.6871381934675,3,4,9
333,duration_60th_percentile,2015-03-01,49,0.9228317625898674,62.81999539380263,3551.124057983502,1,3,4
334,duration_60th_percentile,2015-03-01,47,0.8981231359117909,0.0,3394.9054537465695,0,4,6
335,duration_60th_percentile,2015-03-01,50,0.9301946618575266,16.991887696604977,3533.127709518056,1,3,3
336,duration_60th_percentile,2015-03-01,51,0.9020798262483762,0.0,3409.8617432188626,0,2,2
337,duration_60th_percentile,2015-03-01,49,0.9127676166075244,18.230016211771385,3468.4916069882133,2,4,4
338,duration_60th_percentile,2015-03-01,49,0.9129548225841788,0.0,3450.969229368196,0,4,4
339,duration_60th_percentile,2015-03-01,47,0.8732922383336351,0.0,3301.04466090114,0,4,6
340,duration_60th_percentile,2015-03-01,47,0.920244500264409,0.0,3478.524210999466,0,5,6
341,duration_60th_percentile,2015-03-01,47,0.9436897184355921,85.18079607893765,3652.3279317654756,1,5,6
342,duration_60th_percentile,2015-03-01,51,0.9097525402319308,20.13947825491539,3459.004080331614,2,2,2
343,duration_60th_percentile,2015-03-01,51,0.8922301515368586,0.0,3372.629972809326,0,2,2
344,duration_60th_percentile,2015-03-01,49,0.8930323575508138,0.0,3375.662311542077,0,3,4
345,duration_60th_percentile,2015-03-01,52,0.9090360839523356,32.09947931072554,3468.255876650554,2,1,1
346,duration_60th_percentile,2015-03-01,50,0.9027858915675439,0.0,3412.5306701253157,0,3,3
347,duration_60th_percentile,2015-03-01,49,0.9200228560377955,0.0,3477.686395822867,0,4,4
348,duration_60th_percentile,2015-03-01,50,0.9188499567303942,0.0,3473.2528364408895,0,3,3
349,duration_60th_percentile,2015-03-01,47,0.9202653003085794,28.654232189017307,3507.257067355448,3,4,6
350,duration_60th_percentile,2015-03-01,50,0.8992743830420353,28.17032767092678,3427.42749556982,1,3,3
351,duration_60th_percentile,2015-03-01,50,0.9043184664645719,5.447260713373112,3423.771063949455,1,3,3
352,duration_60th_percentile,2015-03-01,50,0.905962883035631,12.56919429978609,3437.108892174471,1,3,3
353,duration_60th_percentile,2015-03-01,51,0.9079273537149435,11.879665518548677,3443.845062561036,1,2,2
354,duration_60th_percentile,2015-03-01,51,0.9360222653132547,10.5175048641471,3548.68166774825,2,2,2
355,duration_60th_percentile,2015-03-01,49,0.8848291520769117,0.0,3344.654194850727,0,3,4
356,duration_60th_percentile,2015-03-01,46,0.8759477630508548,0.0,3311.0825443322315,0,6,7
357,duration_60th_percentile,2015-03-01,50,0.8962099129381773,0.0,3387.6734709063107,0,2,3
358,duration_60th_percentile,2015-03-01,51,0.9014027066052278,0.0,3407.302230967761,0,2,2
359,duration_60th_percentile,2015-03-01,49,0.859189523094922,0.0,3247.736397298805,0,4,4
360,duration_60th_percentile,2015-03-01,46,0.9013800689885441,17.428395510085466,3424.645056286782,1,4,7
361,duration_60th_percentile,2015-03-01,46,0.8517977353555903,0.0,3219.795439644131,0,5,7
362,duration_60th_percentile,2015-03-01,45,0.889430403845431,0.0,3362.0469265357297,0,7,8
363,duration_60th_percentile,2015-03-01,49,0.9193252665888906,0.0,3475.049507706007,0,3,4
364,duration_60th_percentile,2015-03-01,51,0.8745415878615297,0.0,3305.7672021165827,0,2,2
365,duration_60th_percentile,2015-03-01,48,0.9630976168633982,53.33150427060559,3693.840496014251,2,3,5
366,duration_60th_percentile,2015-03-01,50,0.9125158038510858,0.0,3449.3097385571045,0,3,3
367,duration_60th_percentile,2015-03-01,46,0.9253487139328326,7.398180347028529,3505.216319013136,1,5,7
368,duration_60th_percentile,2015-03-01,49,0.8736759528991335,24.531561260309786,3327.0266632190346,1,4,4
369,duration_60th_percentile,2015-03-01,47,0.8935901647973031,3.0507619528215173,3380.8215848866266,1,4,6
370,duration_60th_percentile,2015-03-01,52,0.9326620250263586,9.27843700491053,3534.740891604546,2,1,1
371,duration_60th_percentile,2015-03-01,50,0.9050412399016893,8.82858006625986,3429.8844668946454,1,3,3
372,duration_60th_percentile,2015-03-01,49,0.9323124142043314,10.312530711682484,3534.4534564040555,1,3,4
373,duration_60th_percentile,2015-03-01,47,0.8684677897033007,0.0,3282.8082450784773,0,5,6
374,duration_60th_percentile,2015-03-01,45,0.8786302509522187,4.102785649086513,3325.3251342484728,1,5,8
375,duration_60th_percentile,2015-03-01,46,0.942591834507659,0.0,3562.997134438951,0,5,7
376,duration_60th_percentile,2015-03-01,47,0.9023969029298565,0.0,3411.060293074858,0,4,6
377,duration_60th_percentile,2015-03-01,44,0.9546720226091664,59.257442600740546,3667.917688063389,1,4,9
378,duration_60th_percentile,2015-03-01,46,0.8906074933868287,0.0,3366.4963250022124,0,5,7
379,duration_60th_percentile,2015-03-01,48,0.8976149622107906,0.0,3392.9845571567885,0,3,5
380,duration_60th_percentile,2015-03-01,46,0.9078735507707003,7.41555718241284,3439.17757909566,1,6,7
381,duration_60th_percentile,2015-03-01,49,0.9305343170015635,0.0,3517.41971826591,0,3,4
382,duration_60th_percentile,2015-03-01,49,0.898955565634932,29.274908715350307,3427.326946815393,2,4,4
383,duration_60th_percentile,2015-03-01,50,0.92393364252843,23.604286374239564,3516.0734551317046,1,2,3
384,duration_60th_percentile,2015-03-01,45,0.9139253659384884,6.345886512807851,3460.983769760294,1,5,8
385,duration_60th_percentile,2015-03-01,44,0.8613209048951578,0.0,3255.793020503696,0,6,9
386,duration_60th_percentile,2015-03-01,48,0.8618239291037221,0.0,3257.6944520120696,0,4,5
387,duration_60th_percentile,2015-03-01,45,0.8938772341620734,2.2834225493476197,3381.139367681985,1,6,8
388,duration_60th_percentile,2015-03-01,47,0.9246655608744551,146.0499059469231,3641.2857260523633,1,3,6
389,duration_60th_percentile,2015-03-01,48,0.9198996311153386,74.74722170748578,3551.967827323466,1,4,5
390,duration_60th_percentile,2015-03-01,52,0.9267212741020457,77.53172162520366,3580.538137730937,1,1,1
391,duration_60th_percentile,2015-03-01,48,0.8871702102234993,0.0,3353.5033946448284,0,5,5
392,duration_60th_percentile,2015-03-01,48,0.8541613878594182,3.4694304234370748,3232.1994765320383,1,5,5
393,duration_60th_percentile,2015-03-01,46,0.9311154184346986,7.676525545752497,3527.2928072289137,1,4,7
394,duration_60th_percentile,2015-03-01,49,0.9038369612261601,0.0,3416.5037134348845,0,3,4
395,duration_60th_percentile,2015-03-01,50,0.9142983768886195,0.0,3456.047864638981,0,3,3
396,duration_60th_percentile,2015-03-01,43,0.8974726162654773,28.693461135509096,3421.1399506190132,1,5,10
397,duration_60th_percentile,2015-03-01,50,0.8919970003722067,0.0,3371.748661406941,0,3,3
398,duration_60th_percentile,2015-03-01,48,0.933565332038946,8.650819881005646,3537.5277749882207,1,4,5
399,duration_60th_percentile,2015-03-01,48,0.9009458013854899,28.95379902557113,3434.5289282627227,1,5,5
400,duration_60th_percentile,2015-03-01,50,0.9162237682987934,3.8773280309851543,3467.2031722004244,1,2,3
401,duration_60th_percentile,2015-03-01,48,0.9320941713671355,248.0694536560104,3771.3854214237813,2,4,5
402,duration_60th_percentile,2015-03-01,48,0.9373706691516948,12.666489592118523,3555.9276189855254,1,4,5
403,duration_60th_percentile,2015-03-01,50,0.912869518277976,0.0,3450.64677909075,0,1,3
404,duration_60th_percentile,2015-03-01,48,0.9051207673589425,11.252536167050607,3432.6090367838533,1,4,5
405,duration_60th_percentile,2015-03-01,49,0.9019587832295481,3.3771052348431567,3412.7813058425354,1,4,4
406,duration_60th_percentile,2015-03-01,49,0.8946759438254906,0.0,3381.8750676603554,0,4,4
407,duration_60th_percentile,2015-03-01,51,0.9468058197905845,22.58837983306671,3601.514378641476,1,2,2
408,duration_60th_percentile,2015-03-01,49,0.9120679967856701,22.33686283706902,3469.9538906869016,1,4,4
409,duration_60th_percentile,2015-03-01,46,0.8799413435062041,41.457496641637135,3367.635775095089,3,5,7
410,duration_60th_percentile,2015-03-01,50,0.9317790061697211,34.32380480916186,3556.448448130707,1,3,3
411,duration_60th_percentile,2015-03-01,47,0.887870914536814,0.0,3356.1520569491568,0,4,6
412,duration_60th_percentile,2015-03-01,49,0.8935018408519867,0.0,3377.4369584205097,0,4,4
413,duration_60th_percentile,2015-03-01,49,0.8540012556313129,0.0,3228.1247462863626,0,4,4
414,duration_60th_percentile,2015-03-01,51,0.8903551773202004,4.98642075732414,3370.5289910276815,1,2,2
415,duration_60th_percentile,2015-03-01,47,0.9173477114610451,0.0,3467.5743493227505,0,3,6
416,duration_60th_percentile,2015-03-01,51,0.9170736315785154,72.15258361941278,3538.690910986201,1,2,2
417,duration_60th_percentile,2015-03-01,52,0.9070948136634455,0.0,3428.818395647823,0,1,1
418,duration_60th_percentile,2015-03-01,50,0.9299323973789659,8.430815831321183,3523.5752779238123,2,3,3
419,duration_60th_percentile,2015-03-01,47,0.924427965555707,99.0294331142552,3593.367142914828,1,3,6
420,duration_60th_percentile,2015-03-01,49,0.910926987911118,6.739278459736397,3450.043292763763,1,3,4
421,duration_60th_percentile,2015-03-01,49,0.9117538140826298,9.732917169987331,3456.1623344023283,1,4,4
422,duration_60th_percentile,2015-03-01,49,0.9208155490066614,0.0,3480.6827752451795,0,3,4
423,duration_60th_percentile,2015-03-01,44,0.896073106819815,0.0,3387.156343778901,0,7,9
424,duration_60th_percentile,2015-03-01,46,0.8992805601625636,0.0,3399.2805174144905,0,5,7
425,duration_60th_percentile,2015-03-01,50,0.8675411417353756,0.0,3279.305515759719,0,3,3
426,duration_60th_percentile,2015-03-01,44,0.8779447203741082,0.0,3318.6310430141284,0,5,9
427,duration_60th_percentile,2015-03-01,50,0.8629759087019157,0.0,3262.0489348932415,0,3,3
428,duration_60th_percentile,2015-03-01,49,0.8438211853553258,0.0,3189.644080643131,0,4,4
429,duration_60th_percentile,2015-03-01,47,0.8872845798952831,11.236963518065295,3365.1726755222357,1,6,6
430,duration_60th_percentile,2015-03-01,50,0.9078773892485835,2.9944433795510577,3434.7709747391973,1,3,3
431,duration_60th_percentile,2015-03-01,48,0.8544635630244295,0.0,3229.8722682323432,0,4,5
432,duration_60th_percentile,2015-03-01,50,0.9080916089532449,0.0,3432.5862818432656,0,3,3
433,duration_60th_percentile,2015-03-01,49,0.863865674381762,0.0,3265.412249163061,0,3,4
434,duration_60th_percentile,2015-03-01,48,0.8492802316716809,0.0,3210.279275718954,0,4,5
435,duration_60th_percentile,2015-03-01,46,0.8764082218559012,6.056290327927172,3318.879368943234,1,5,7
436,duration_60th_percentile,2015-03-01,46,0.8672821501585852,0.0,3278.326527599452,0,5,7
437,duration_60th_percentile,2015-03-01,51,0.8606378428058565,0.0,3253.211045806138,0,2,2
438,duration_60th_percentile,2015-03-01,50,0.8781465912408967,0.0,3319.3941148905897,0,3,3
439,duration_60th_percentile,2015-03-01,47,0.9053514343185503,0.0,3422.2284217241195,0,5,6
440,duration_60th_percentile,2015-03-01,47,0.9389445433002053,85.16512681991435,3634.3755004946897,1,4,6
441,duration_60th_percentile,2015-03-01,49,0.9010344217607971,0.0,3405.9101142558134,0,4,4
442,duration_60th_percentile,2015-03-01,49,0.941854835476677,0.0,3560.2112781018395,0,3,4
443,duration_60th_percentile,2015-03-01,47,0.8719687107743704,9.603541072869575,3305.64526779999,1,5,6
444,duration_60th_percentile,2015-03-01,48,0.871591790507656,39.52738003921638,3334.144348158156,1,4,5
445,duration_60th_percentile,2015-03-01,51,0.8766518920178229,13.566927698913332,3327.3110795262833,1,2,2
446,duration_60th_percentile,2015-03-01,48,0.8661664926961308,0.0,3274.109342391375,0,4,5
447,duration_60th_percentile,2015-03-01,51,0.882591550067103,0.0,3336.196059253649,0,2,2
448,duration_60th_percentile,2015-03-01,47,0.891697356512075,0.0,3370.6160076156443,0,5,6
449,duration_60th_percentile,2015-03-01,46,0.8836678933527907,0.0,3340.2646368735495,0,6,7
450,duration_60th_percentile,2015-03-01,48,0.8778729183803027,0.0,3318.359631477544,0,5,5
451,duration_60th_percentile,2015-03-01,48,0.9354917003320258,108.1248001982658,3644.2834274533234,1,4,5
452,duration_60th_percentile,2015-03-01,51,0.9314332352344633,17.109047357950658,3537.926676544221,1,2,2
453,duration_60th_percentile,2015-03-01,50,0.9452326680199733,21.011473760956846,3593.990958876456,1,3,3
454,duration_60th_percentile,2015-03-01,46,0.8633813773889776,0.0,3263.581606530335,0,5,7
455,duration_60th_percentile,2015-03-01,49,0.914880515364856,26.614854156294427,3484.86320223545,1,3,4
456,duration_60th_percentile,2015-03-01,49,0.8613899527534775,0.0,3256.0540214081448,0,2,4
457,duration_60th_percentile,2015-03-01,46,0.8778801152084927,0.0,3318.3868354881024,0,5,7
458,duration_60th_percentile,2015-03-01,47,0.9190193208381245,24.337289730945713,3498.2303224990565,1,5,6
459,duration_60th_percentile,2015-03-01,47,0.8936452400894198,12.386938189759917,3390.3659457277668,1,4,6
460,duration_60th_percentile,2015-03-01,51,0.8958467246317612,0.0,3386.3006191080576,0,2,2
461,duration_60th_percentile,2015-03-01,50,0.8869726562848428,0.0,3352.7566407567056,0,3,3
462,duration_60th_percentile,2015-03-01,46,0.8875223463627836,0.0,3354.834469251322,0,5,7
463,duration_60th_percentile,2015-03-01,49,0.9430938657039538,7.416132416010441,3572.3109447769552,1,3,4
464,duration_60th_percentile,2015-03-01,50,0.9281495682702365,17.27988001185281,3525.685248073347,1,3,3
465,duration_60th_percentile,2015-03-01,50,0.9706325288643189,37.35124444201654,3706.342203549142,2,2,3
466,duration_60th_percentile,2015-03-01,47,0.8838258287730598,21.950629422856423,3362.8122621850225,1,5,6
467,duration_60th_percentile,2015-03-01,50,0.909875332682738,2.7056797705195095,3442.0344373112694,1,3,3
468,duration_60th_percentile,2015-03-01,46,0.8818254723832128,0.0,3333.300285608545,0,6,7
469,duration_60th_percentile,2015-03-01,47,0.8651522172486769,0.0,3270.2753811999983,0,4,6
470,duration_60th_percentile,2015-03-01,49,0.9159424727170707,7.164446201366445,3469.4269930718933,2,3,4
471,duration_60th_percentile,2015-03-01,51,0.9167216826864116,111.90874208358298,3577.1167026382195,2,2,2
472,duration_60th_percentile,2015-03-01,44,0.8778665790689627,0.0,3318.335668880679,0,6,9
473,duration_60th_percentile,2015-03-01,49,0.8746082428536587,16.875867026222863,3322.895025013053,1,4,4
474,duration_60th_percentile,2015-03-01,48,0.9127078004482162,108.2024745621469,3558.237960256404,1,3,5
475,duration_60th_percentile,2015-03-01,47,0.8801612539628682,0.0,3327.009539979642,0,3,6
476,duration_60th_percentile,2015-03-01,53,0.877074992451414,0.0,3315.3434714663454,0,0,0
477,duration_60th_percentile,2015-03-01,50,0.9456509263603665,21.85690976360911,3596.4174114057946,1,2,3
478,duration_60th_percentile,2015-03-01,50,0.9189681768255707,61.938378608886296,3535.6380870095436,2,1,3
479,duration_60th_percentile,2015-03-01,49,0.9584216810752227,24.62237889646792,3647.45633336081,3,3,4
480,duration_60th_percentile,2015-03-01,48,0.8998001608683438,0.0,3401.2446080823393,0,4,5
481,duration_60th_percentile,2015-03-01,50,0.879347807007853,3.4039863492872655,3327.338696838972,2,3,3
482,duration_60th_percentile,2015-03-01,47,0.8957809905022486,0.0,3386.0521440985003,0,5,6
483,duration_60th_percentile,2015-03-01,46,0.894295831151546,83.38405032941932,3463.822292082263,1,6,7
484,duration_60th_percentile,2015-03-01,51,0.8895969109659504,5.783006476072501,3368.4593299273647,1,2,2
485,duration_60th_percentile,2015-03-01,47,0.9314215315231358,0.0,3520.773389157453,0,4,6
486,duration_60th_percentile,2015-03-01,51,0.863651153090119,69.28627542778634,3333.8876341084356,1,2,2
487,duration_60th_percentile,2015-03-01,50,0.90424969968707,84.4555281742521,3502.5193929913767,1,3,3
488,duration_60th_percentile,2015-03-01,48,0.9004104931983227,9.237206139687828,3412.7888704293473,1,5,5
489,duration_60th_percentile,2015-03-01,48,0.8817384754321455,0.0,3332.97143713351,0,5,5
490,duration_60th_percentile,2015-03-01,45,0.8928417436560654,6.341031919394709,3381.2828229393217,1,5,8
491,duration_60th_percentile,2015-03-01,47,0.9028261061634929,1.7377007845101389,3414.4203820825132,1,5,6
492,duration_60th_percentile,2015-03-01,49,0.9025018953476457,2.4256231235729047,3413.8827875376737,1,3,4
493,duration_60th_percentile,2015-03-01,48,0.8796203672723123,0.0,3324.9649882893414,0,5,5
494,duration_60th_percentile,2015-03-01,51,0.8276377827904401,0.0,3128.4708189478642,0,2,2
495,duration_60th_percentile,2015-03-01,48,0.8891428776438646,9.998010659204738,3370.9580881530133,1,4,5
496,duration_60th_percentile,2015-03-01,48,0.9326493412959405,66.32022230173322,3591.7347324003886,2,4,5
497,duration_60th_percentile,2015-03-01,47,0.8820224889201996,0.0,3334.0450081183544,0,5,6
498,duration_60th_percentile,2015-03-01,48,0.9210334858669873,105.54857050158671,3587.0551470787987,1,4,5
499,duration_60th_percentile,2015-03-01,49,0.8774663690497421,0.0,3316.822875008025,0,4,4
500,duration_60th_percentile,2015-03-01,51,0.8900107279701747,1.9664004616532793,3366.2069521889134,1,2,2
501,duration_60th_percentile,2015-03-01,49,0.9143995924912759,16.61250485921994,3473.0429644762426,1,4,4
502,duration_60th_percentile,2015-03-01,49,0.9241631841781316,0.0,3493.336836193338,0,3,4
503,duration_60th_percentile,2015-03-01,46,0.8980317573455892,0.0,3394.5600427663267,0,4,7
504,duration_60th_percentile,2015-03-01,48,0.8888404730021192,0.0,3359.8169879480106,0,5,5
505,duration_60th_percentile,2015-03-01,49,0.8775034385296445,0.0,3316.9629976420565,0,4,4
506,duration_60th_percentile,2015-03-01,49,0.9167847356934603,64.05201065996675,3529.4983115812465,2,3,4
507,duration_60th_percentile,2015-03-01,50,0.8735142056376448,0.0,3301.8836973102975,0,2,3
508,duration_60th_percentile,2015-03-01,50,0.9467752048187991,139.25248534951606,3718.0627595645765,1,2,3
509,duration_60th_percentile,2015-03-01,48,0.9113172188097216,1.2930498853438621,3446.0721369860917,1,3,5
510,duration_60th_percentile,2015-03-01,49,0.90521511106931,0.0,3421.7131198419916,0,3,4
511,duration_60th_percentile,2015-03-01,48,0.8720656640503511,0.0,3296.4082101103277,0,4,5
512,duration_60th_percentile,2015-03-01,50,0.9284183896789162,0.0,3509.4215129863032,0,3,3
513,duration_60th_percentile,2015-03-01,48,0.9372105842219265,173.74147604107088,3716.397484399953,2,5,5
514,duration_60th_percentile,2015-03-01,46,0.9386144538043266,61.66737474592094,3609.630010126276,4,4,7
515,duration_60th_percentile,2015-03-01,49,0.8579382900287783,0.0,3243.006736308782,0,4,4
516,duration_60th_percentile,2015-03-01,47,0.8882593005950216,0.0,3357.620156249182,0,5,6
517,duration_60th_percentile,2015-03-01,48,0.8777329997565516,0.0,3317.8307390797654,0,2,5
518,duration_60th_percentile,2015-03-01,52,0.9404817841882697,67.44087446586616,3622.4620186975253,1,1,1
519,duration_60th_percentile,2015-03-01,50,0.8488332716721686,0.0,3208.589766920797,0,3,3
520,duration_60th_percentile,2015-03-01,51,0.9140706133659477,0.0,3455.186918523282,0,2,2
521,duration_60th_percentile,2015-03-01,50,0.8734071971771263,0.0,3301.4792053295373,0,3,3
522,duration_60th_percentile,2015-03-01,47,0.909721978752545,0.0,3438.74907968462,0,4,6
523,duration_60th_percentile,2015-03-01,50,0.9026349351346453,4.9479103118997045,3416.907965120859,1,2,3
524,duration_60th_percentile,2015-03-01,49,0.8806232201897146,0.0,3328.755772317121,0,4,4
525,duration_60th_percentile,2015-03-01,47,0.8974970439212328,0.0,3392.53882602226,0,5,6
526,duration_60th_percentile,2015-03-01,52,0.9155563106178752,0.0,3460.802854135569,0,1,1
527,duration_60th_percentile,2015-03-01,47,0.8996062144127638,17.13351064506321,3417.645001125311,1,5,6
528,duration_60th_percentile,2015-03-01,49,0.9463447160748606,0.0,3577.1830267629734,0,3,4
529,duration_60th_percentile,2015-03-01,44,0.8898667846774609,0.0,3363.696446080802,0,5,9
530,duration_60th_percentile,2015-03-01,49,0.9717254749408851,45.43796089484124,3718.5602561713868,1,3,4
531,duration_60th_percentile,2015-03-01,49,0.8813571390175089,35.02729819468948,3366.5572836808724,1,4,4
532,duration_60th_percentile,2015-03-01,47,0.9054608021548144,16.638837661414527,3439.2806698066124,2,5,6
533,duration_60th_percentile,2015-03-01,48,0.9349636803473297,14.661313430727205,3548.8240251436337,1,4,5
534,duration_60th_percentile,2015-03-01,47,0.8926209020806418,7.513296651845735,3381.6203065166724,1,3,6
535,duration_60th_percentile,2015-03-01,48,0.86677696734992,0.0,3276.416936582698,0,4,5
536,duration_60th_percentile,2015-03-01,48,0.9107321777027,48.496374836956534,3491.0640065531625,1,4,5
537,duration_60th_percentile,2015-03-01,46,0.9063594052539149,59.300203135426386,3485.338754995224,2,5,7
538,duration_60th_percentile,2015-03-01,52,0.926547215630854,1.2785749109647213,3503.6270499955926,1,1,1
539,duration_60th_percentile,2015-03-01,46,0.8823995255285398,0.0,3335.47020649788,0,6,7
540,duration_60th_percentile,2015-03-01,49,0.9026568661771792,0.0,3412.042954149737,0,4,4
541,duration_60th_percentile,2015-03-01,50,0.8856681387834874,0.0,3347.8255646015823,0,2,3
542,duration_60th_percentile,2015-03-01,52,0.8702278099874147,0.0,3289.461121752427,0,1,1
543,duration_60th_percentile,2015-03-01,47,0.9048446536334761,0.0,3420.3127907345397,0,5,6
544,duration_60th_percentile,2015-03-01,49,0.9150571588188054,0.0,3458.9160603350847,0,3,4
545,duration_60th_percentile,2015-03-01,49,0.8946921014863206,0.0,3381.9361436182917,0,4,4
546,duration_60th_percentile,2015-03-01,51,0.9386960541505712,11.507410697800879,3559.7784953869605,1,2,2
547,duration_60th_percentile,2015-03-01,48,0.9274504511455433,39.20762405133212,3544.9703293814855,1,3,5
548,duration_60th_percentile,2015-03-01,49,0.8639388731833089,0.0,3265.688940632908,0,4,4
549,duration_60th_percentile,2015-03-01,50,0.8875457332347149,0.0,3354.9228716272223,0,3,3
550,duration_60th_percentile,2015-03-01,45,0.8918556869747406,0.8591078532980418,3372.0736046178176,1,4,8
551,duration_60th_percentile,2015-03-01,50,0.8974670270052579,0.0,3392.4253620798754,0,3,3
552,duration_60th_percentile,2015-03-01,44,0.8514080812158458,0.0,3218.3225469958975,0,6,9
553,duration_60th_percentile,2015-03-01,51,0.912066113736552,0.0,3447.6099099241665,0,2,2
554,duration_60th_percentile,2015-03-01,50,0.9234825828383781,20.658652569796004,3511.422815698865,1,2,3
555,duration_60th_percentile,2015-03-01,47,0.9255845906414321,14.382228877064449,3513.091981501677,1,3,6
556,duration_60th_percentile,2015-03-01,49,0.9093662607888737,0.0,3437.4044657819427,0,4,4
557,duration_60th_percentile,2015-03-01,44,0.9243829014292702,8.617088918280842,3502.784456320922,2,5,9
558,duration_60th_percentile,2015-03-01,47,0.9307070194378234,45.78955169097867,3563.8620851659507,1,5,6
559,duration_60th_percentile,2015-03-01,48,0.972511358074403,46.10398221102207,3722.1969157322656,3,4,5
560,duration_60th_percentile,2015-03-01,47,0.9516668703876797,58.99756605760945,3656.2983361230386,3,5,6
561,duration_60th_percentile,2015-03-01,47,0.8991183806535183,0.0,3398.6674788702994,0,5,6
562,duration_60th_percentile,2015-03-01,45,0.8827304214512678,37.996365662281505,3374.717358748074,1,5,8
563,duration_60th_percentile,2015-03-01,48,0.9387007836835327,103.62172911484754,3651.910691438601,2,4,5
564,duration_60th_percentile,2015-03-01,50,0.8730328160286255,23.742192646879175,3323.8062372350832,2,2,3
565,duration_60th_percentile,2015-03-01,51,0.891047385743991,0.0,3368.159118112286,0,2,2
566,duration_60th_percentile,2015-03-01,47,0.9063320927005115,53.534099121596455,3479.46940952953,2,5,6
567,duration_60th_percentile,2015-03-01,50,0.898971805723459,0.0,3398.1134256346754,0,3,3
568,duration_60th_percentile,2015-03-01,47,0.920456570916351,0.0,3479.325838063807,0,5,6
569,duration_60th_percentile,2015-03-01,49,0.9239959108348144,0.0,3492.7045429555983,0,4,4
570,duration_60th_percentile,2015-03-01,47,0.9163718117562717,0.0,3463.8854484387066,0,5,6
571,duration_60th_percentile,2015-03-01,49,0.8569493054191797,0.0,3239.2683744845,0,4,4
572,duration_60th_percentile,2015-03-01,50,0.9188726434919892,14.373214340614595,3487.7118067403335,1,3,3
573,duration_60th_percentile,2015-03-01,50,0.9405698094202545,9.131310324989272,3564.4851899335513,1,3,3
574,duration_60th_percentile,2015-03-01,46,0.8790499515000704,24.258463302629934,3347.0672799728954,1,4,7
575,duration_60th_percentile,2015-03-01,47,0.8910745759804298,0.0,3368.261897206025,0,4,6
576,duration_60th_percentile,2015-03-01,47,0.9404953466928673,140.1367486617761,3695.209159160814,1,5,6
577,duration_60th_percentile,2015-03-01,49,0.8967385834479641,5.802282199027786,3395.474127632332,1,3,4
578,duration_60th_percentile,2015-03-01,45,0.9461789874428785,24.051779380836365,3600.608351914917,1,6,8
579,duration_60th_percentile,2015-03-01,51,0.8928994634059857,24.459686951398794,3399.619658626025,1,2,2
580,duration_60th_percentile,2015-03-01,49,0.9032419738069688,0.0,3414.254660990342,0,3,4
581,duration_60th_percentile,2015-03-01,45,0.8566506625782567,0.0,3238.1395045458103,0,5,8
582,duration_60th_percentile,2015-03-01,50,0.8785953337217957,0.0,3321.090361468387,0,3,3
583,duration_60th_percentile,2015-03-01,49,0.9294627888404602,32.898326325921744,3546.2676681428607,1,3,4
584,duration_60th_percentile,2015-03-01,48,0.8632225881643674,0.0,3262.9813832613095,0,5,5
585,duration_60th_percentile,2015-03-01,51,0.9143718586336133,32.1275173574619,3488.4531429925196,2,2,2
586,duration_60th_percentile,2015-03-01,50,0.9283996788265665,0.0,3509.350785964421,0,3,3
587,duration_60th_percentile,2015-03-01,50,0.896011960418081,0.0,3386.9252103803465,0,3,3
588,duration_60th_percentile,2015-03-01,44,0.9249712932407952,18.92231280431963,3515.3138012545255,1,6,9
589,duration_60th_percentile,2015-03-01,45,0.8970985458806685,1.097427544004745,3392.129930972932,1,5,8
590,duration_60th_percentile,2015-03-01,48,0.9219814344424987,0.0,3485.089822192645,0,2,5
591,duration_60th_percentile,2015-03-01,47,0.9097542729532192,0.0,3438.8711517631687,0,5,6
592,duration_60th_percentile,2015-03-01,50,0.9506821146149991,64.08970780681511,3657.6681010515113,2,2,3
593,duration_60th_percentile,2015-03-01,46,0.9097660807461629,6.798471652815124,3445.714256873311,1,5,7
594,duration_60th_percentile,2015-03-01,48,0.9007570593892745,0.0,3404.8616844914573,0,4,5
595,duration_60th_percentile,2015-03-01,50,0.8925694209583297,14.677606293342933,3388.590017515829,1,3,3
596,duration_60th_percentile,2015-03-01,48,0.909425665727184,0.0,3437.6290164487555,0,3,5
597,duration_60th_percentile,2015-03-01,52,0.8777118298400385,0.0,3317.7507167953454,0,1,1
598,duration_60th_percentile,2015-03-01,50,0.8388174116223214,0.0,3170.7298159323745,0,3,3
599,duration_60th_percentile,2015-03-01,49,0.88769286310691,0.0,3355.4790225441193,0,4,4
600,duration_60th_percentile,2015-03-01,50,0.9495307514140902,39.84184282085323,3629.068083166114,1,1,3
601,duration_60th_percentile,2015-03-01,48,0.9082661307224257,0.0,3433.2459741307694,0,4,5
602,duration_60th_percentile,2015-03-01,46,0.8962863302136073,0.0,3387.9623282074353,0,4,7
603,duration_60th_percentile,2015-03-01,46,0.9168969162089774,72.72239889692548,3538.5927421668603,2,3,7
604,duration_60th_percentile,2015-03-01,49,0.9232660838740806,52.307695883842825,3542.2534929278672,1,4,4
605,duration_60th_percentile,2015-03-01,52,0.9271289689907999,0.0,3504.547502785223,0,1,1
606,duration_60th_percentile,2015-03-01,48,0.903209567186482,6.431500388726363,3420.563664353628,1,4,5
607,duration_60th_percentile,2015-03-01,49,0.9016099011856878,0.0,3408.085426481901,0,4,4
608,duration_60th_percentile,2015-03-01,49,0.8945287734470518,96.1685736527752,3477.4873372826305,1,4,4
609,duration_60th_percentile,2015-03-01,51,0.9147255947865511,106.40276957388983,3564.065517867053,1,2,2
610,duration_60th_percentile,2015-03-01,48,0.8668987546049148,0.0,3276.8772924065793,0,4,5
611,duration_60th_percentile,2015-03-01,46,0.9107517482067242,0.0,3442.6416082214173,0,5,7
612,duration_60th_percentile,2015-03-01,49,0.9069978195720534,0.0,3428.451757982362,0,3,4
613,duration_60th_percentile,2015-03-01,48,0.9163340127367511,50.76452807458145,3514.5070962195,1,4,5
614,duration_60th_percentile,2015-03-01,51,0.8741683626261054,12.714191645275378,3317.0706023719536,1,2,2
615,duration_60th_percentile,2015-03-01,50,0.944576395155982,39.95359191280795,3610.45236560242,1,2,3
616,duration_60th_percentile,2015-03-01,45,0.8905888105591071,0.0,3366.4257039134245,0,7,8
617,duration_60th_percentile,2015-03-01,49,0.8971469008686924,0.0,3391.2152852836575,0,2,4
618,duration_60th_percentile,2015-03-01,50,0.9006299633426098,0.0,3404.3812614350654,0,3,3
619,duration_60th_percentile,2015-03-01,50,0.9193256285602939,82.99940928818955,3558.0502852461,1,3,3
620,duration_60th_percentile,2015-03-01,50,0.9005230682940434,25.66578963027962,3429.6429877817636,1,3,3
621,duration_60th_percentile,2015-03-01,50,0.8417714598833523,0.0,3181.896118359072,0,3,3
622,duration_60th_percentile,2015-03-01,51,0.9254378983480394,0.0,3498.1552557555897,0,2,2
623,duration_60th_percentile,2015-03-01,49,0.9668242382281769,39.149118271374164,3693.7447387738825,1,3,4
624,duration_60th_percentile,2015-03-01,47,0.8749086488529578,18.381483539384703,3325.5361762035645,1,5,6
625,duration_60th_percentile,2015-03-01,48,0.8895762024164398,0.0,3362.5980451341425,0,4,5
626,duration_60th_percentile,2015-03-01,48,0.9158255428312778,0.0,3461.82055190223,0,5,5
627,duration_60th_percentile,2015-03-01,47,0.8828315278043004,0.0,3337.1031751002565,0,6,6
628,duration_60th_percentile,2015-03-01,48,0.8676298575484622,0.0,3279.6408615331875,0,5,5
629,duration_60th_percentile,2015-03-01,49,0.9048101420381657,27.572520699130564,3447.7548576033973,1,3,4
630,duration_60th_percentile,2015-03-01,47,0.8763240697577289,58.51680745167016,3371.021791135886,1,5,6
631,duration_60th_percentile,2015-03-01,50,0.9273434863034139,3.0408329353704175,3508.3992111622747,1,3,3
632,duration_60th_percentile,2015-03-01,47,0.9062098439837246,14.598639205067798,3440.0718494635466,1,6,6
633,duration_60th_percentile,2015-03-01,49,0.9493921303301941,5.365499154793497,3594.067751802927,1,3,4
634,duration_60th_percentile,2015-03-01,46,0.863846165511161,5.160192259711607,3270.4986978919005,1,4,7
635,duration_60th_percentile,2015-03-01,49,0.9095242099400156,1.7435817491681291,3439.745095322427,1,4,4
636,duration_60th_percentile,2015-03-01,45,0.8618938832389008,0.0,3257.9588786430445,0,6,8
637,duration_60th_percentile,2015-03-01,49,0.8997997571398505,0.0,3401.2430819886345,0,4,4
638,duration_60th_percentile,2015-03-01,46,0.8924050715446371,0.0,3373.291170438729,0,5,7
639,duration_60th_percentile,2015-03-01,51,0.9087796954175786,7.089672640887329,3442.276921319334,1,2,2
640,duration_60th_percentile,2015-03-01,50,0.8573340936166739,0.0,3240.7228738710273,0,3,3
641,duration_60th_percentile,2015-03-01,47,0.9057766762682103,0.0,3423.8358362938343,0,6,6
642,duration_60th_percentile,2015-03-01,49,0.8814876054850694,0.0,3332.0231487335623,0,4,4
643,duration_60th_percentile,2015-03-01,48,0.8704287278019861,0.0,3290.2205910915077,0,5,5
644,duration_60th_percentile,2015-03-01,44,0.925726599536108,3.988722047729425,3503.235268294218,1,5,9
645,duration_60th_percentile,2015-03-01,50,0.8809768076244202,0.0,3330.0923328203085,0,3,3
646,duration_60th_percentile,2015-03-01,46,0.8901902996149305,0.0,3364.919332544436,0,5,7
647,duration_60th_percentile,2015-03-01,46,0.8727350566478111,0.0,3298.938514128726,0,7,7
648,duration_60th_percentile,2015-03-01,44,0.9011163823647654,0.0,3406.2199253388144,0,6,9
649,duration_60th_percentile,2015-03-01,48,0.9122680927055146,0.0,3448.373390426845,0,4,5
650,duration_60th_percentile,2015-03-01,51,0.8625165842767657,0.0,3260.312688566174,0,2,2
651,duration_60th_percentile,2015-03-01,48,0.8818517215856347,10.93780606769792,3344.3373136613973,1,5,5
652,duration_60th_percentile,2015-03-01,51,0.9518004554052972,15.865511318982271,3613.6712327510063,2,2,2
653,duration_60th_percentile,2015-03-01,46,0.9020320706107766,117.23791129779704,3526.9191382065324,2,4,7
654,duration_60th_percentile,2015-03-01,50,0.9342300674162303,80.61025685113793,3611.9999116844883,2,2,3
655,duration_60th_percentile,2015-03-01,52,0.8817040386504914,5.643875073223285,3338.48514117208,1,1,1
656,duration_60th_percentile,2015-03-01,49,0.8467986897265549,0.0,3200.8990471663774,0,4,4
657,duration_60th_percentile,2015-03-01,51,0.9301146968059755,13.697500969458815,3529.531054896046,1,2,2
658,duration_60th_percentile,2015-03-01,50,0.9182422573592437,11.960540130243317,3482.916272948185,1,3,3
659,duration_60th_percentile,2015-03-01,48,0.8619663802188899,0.0,3258.2329172274044,0,4,5
660,duration_60th_percentile,2015-03-01,51,0.9243138947879481,0.0,3493.906522298443,0,2,2
661,duration_60th_percentile,2015-03-01,49,0.8963191333030353,21.50579010215631,3409.59211398763,1,3,4
662,duration_60th_percentile,2015-03-01,43,0.8756883626717958,0.0,3310.1020108993885,0,6,10
663,duration_60th_percentile,2015-03-01,49,0.8797373280357031,0.0,3325.4070999749574,0,4,4
664,duration_60th_percentile,2015-03-01,48,0.9335999896466181,93.0588034750881,3622.066764339304,2,2,5
665,duration_60th_percentile,2015-03-01,47,0.9048510579811947,0.0,3420.336999168916,0,4,6
666,duration_60th_percentile,2015-03-01,49,0.9170077103109305,0.0,3466.2891449753165,0,3,4
667,duration_60th_percentile,2015-03-01,47,0.8905216504626109,0.0,3366.1718387486694,0,5,6
668,duration_60th_percentile,2015-03-01,48,0.9353985745984073,7.5956287760463965,3543.4022407580264,1,3,5
669,duration_60th_percentile,2015-03-01,50,0.9246702551385735,25.14259046068696,3520.3961548844954,1,3,3
670,duration_60th_percentile,2015-03-01,44,0.8723630565956755,0.0,3297.532353931653,0,5,9
671,duration_60th_percentile,2015-03-01,43,0.9109414864166657,0.0,3443.3588186549964,0,7,10
672,duration_60th_percentile,2015-03-01,42,0.946870186485018,37.70526409027036,3616.874569003638,2,6,11
673,duration_60th_percentile,2015-03-01,49,0.88833660575451,0.0,3357.9123697520477,0,3,4
674,duration_60th_percentile,2015-03-01,51,0.9316063606807194,29.435530656043397,3550.9075740291632,3,2,2
675,duration_60th_percentile,2015-03-01,51,0.8685319584374805,0.0,3283.0508028936765,0,2,2
676,duration_60th_percentile,2015-03-01,49,0.904376185666857,0.0,3418.5419818207183,0,3,4
677,duration_60th_percentile,2015-03-01,49,0.8856748814897575,0.0,3347.851052031284,0,4,4
678,duration_60th_percentile,2015-03-01,48,0.9001243187670008,0.0,3402.4699249392625,0,3,5
679,duration_60th_percentile,2015-03-01,48,0.9237603623255899,0.0,3491.8141695907298,0,3,5
680,duration_60th_percentile,2015-03-01,47,0.8923245400169567,21.96512025276263,3394.9518815168585,1,5,6
681,duration_60th_percentile,2015-03-01,50,0.9366810408915757,72.48733190357143,3613.1416664737276,1,3,3
682,duration_60th_percentile,2015-03-01,49,0.8859751699147457,0.0,3348.986142277739,0,3,4
683,duration_60th_percentile,2015-03-01,50,0.8965150314692052,6.447371790352918,3395.2741907439486,1,3,3
684,duration_60th_percentile,2015-03-01,52,0.9287726431820725,28.45689434635983,3539.2174855745943,2,1,1
685,duration_60th_percentile,2015-03-01,52,0.9420597220978426,16.701365190600313,3577.6871147204456,2,1,1
686,duration_60th_percentile,2015-03-01,46,0.894577950907583,27.223294942692064,3408.727949373356,2,5,7
687,duration_60th_percentile,2015-03-01,47,0.871363596274561,16.461539784845627,3310.2159337026865,1,5,6
688,duration_60th_percentile,2015-03-01,50,0.920876743111574,27.206117642454956,3508.120206604204,1,3,3
689,duration_60th_percentile,2015-03-01,51,0.8904293556019758,0.0,3365.8229641754683,0,2,2
690,duration_60th_percentile,2015-03-01,49,0.900014737233721,13.710588494762646,3415.7662952382284,1,4,4
691,duration_60th_percentile,2015-03-01,47,0.9581700393507621,34.510604292913854,3656.3933530387953,1,3,6
692,duration_60th_percentile,2015-03-01,51,0.922762199150455,0.0,3488.0411127887196,0,2,2
693,duration_60th_percentile,2015-03-01,50,0.8930405637900707,0.0,3375.6933311264665,0,3,3
694,duration_60th_percentile,2015-03-01,48,0.8930294441004856,0.0,3375.651298699836,0,5,5
695,duration_60th_percentile,2015-03-01,47,0.8861377120207774,0.0,3349.6005514385383,0,5,6
696,duration_60th_percentile,2015-03-01,48,0.9156990393716061,16.167284349902616,3477.5096531745744,2,4,5
697,duration_60th_percentile,2015-03-01,48,0.9171422247634575,6.66123061910821,3473.458840224978,1,4,5
698,duration_60th_percentile,2015-03-01,50,0.8742338100872212,0.0,3304.603802129696,0,3,3
699,duration_60th_percentile,2015-03-01,49,0.9193766659749845,90.46509947232744,3565.708896857769,1,2,4
700,duration_60th_percentile,2015-03-01,44,0.8663546753168021,0.0,3274.8206726975122,0,6,9
701,duration_60th_percentile,2015-03-01,50,0.9190799524486302,0.0,3474.122220255822,0,3,3
702,duration_60th_percentile,2015-03-01,50,0.8867136769196069,0.0,3351.7776987561147,0,3,3
703,duration_60th_percentile,2015-03-01,48,0.8560807338271655,0.0,3235.9851738666853,0,4,5
704,duration_60th_percentile,2015-03-01,47,0.8894492737567247,0.0,3362.1182548004194,0,5,6
705,duration_60th_percentile,2015-03-01,50,0.9556478995102272,0.0,3612.3490601486587,0,3,3
706,duration_60th_percentile,2015-03-01,47,0.9160707409713588,0.0,3462.7474008717363,0,5,6
707,duration_60th_percentile,2015-03-01,43,0.9354978848856428,85.27189988473015,3621.453904752459,2,5,10
708,duration_60th_percentile,2015-03-01,50,0.8940354381743278,14.724120498881234,3394.1780767978407,1,3,3
709,duration_60th_percentile,2015-03-01,46,0.9617872755300333,29.310824810354006,3664.866726313879,2,4,7
710,duration_60th_percentile,2015-03-01,46,0.8648700080889683,0.0,3269.2086305763,0,6,7
711,duration_60th_percentile,2015-03-01,51,0.9142012171871982,0.0,3455.680600967609,0,2,2
712,duration_60th_percentile,2015-03-01,49,0.8848634133256109,0.0,3344.78370237081,0,4,4
713,duration_60th_percentile,2015-03-01,46,0.9337750384493754,44.675219272330764,3574.34486461097,1,6,7
714,duration_60th_percentile,2015-03-01,47,0.9102650944383602,74.06108299631887,3514.8631399733204,1,4,6
715,duration_60th_percentile,2015-03-01,50,0.8712256654724502,0.0,3293.233015485862,0,3,3
716,duration_60th_percentile,2015-03-01,44,0.8740770916425367,50.30093142682426,3354.312337835612,1,6,9
717,duration_60th_percentile,2015-03-01,52,0.9094824480171326,17.749725409505118,3455.593378914267,1,1,1
718,duration_60th_percentile,2015-03-01,45,0.9227834215779843,80.49818704695224,3568.619520611733,2,4,8
719,duration_60th_percentile,2015-03-01,48,0.8986638136359699,0.0,3396.9492155439666,0,5,5
720,duration_60th_percentile,2015-03-01,48,0.9028915758226234,0.0,3412.930156609516,0,5,5
721,duration_60th_percentile,2015-03-01,51,0.8685582707221178,0.0,3283.150263329606,0,2,2
722,duration_60th_percentile,2015-03-01,49,0.8429292582067374,0.0,3186.272596021467,0,4,4
723,duration_60th_percentile,2015-03-01,48,0.8878820989776132,22.848555002961348,3379.042889138339,1,4,5
724,duration_60th_percentile,2015-03-01,50,0.889925088599908,0.0,3363.9168349076526,0,3,3
725,duration_60th_percentile,2015-03-01,46,0.9027271113217255,17.201692671078376,3429.5101734672007,1,4,7
726,duration_60th_percentile,2015-03-01,49,0.8628312988823811,0.0,3261.5023097754,0,3,4
727,duration_60th_percentile,2015-03-01,49,0.9194987731070722,5.938196615425795,3481.6435589601588,1,3,4
728,duration_60th_percentile,2015-03-01,49,0.9185066817254155,0.0,3471.955256922071,0,4,4
729,duration_60th_percentile,2015-03-01,46,0.9332704318141202,31.135769128396646,3558.8980013857704,1,4,7
730,duration_60th_percentile,2015-03-01,44,0.9307952077979501,135.00202383421788,3653.40790931047,1,4,9
731,duration_60th_percentile,2015-03-01,47,0.8669005607028348,0.0,3276.8841194567153,0,5,6
732,duration_60th_percentile,2015-03-01,48,0.9374228608931351,80.50111314125945,3623.95952731731,2,2,5
733,duration_60th_percentile,2015-03-01,48,0.8971213980130173,10.11621036601366,3401.2350948552184,2,5,5
734,duration_60th_percentile,2015-03-01,50,0.9124874264294709,0.06876735626281061,3449.2712392596627,1,3,3
735,duration_60th_percentile,2015-03-01,46,0.8710164908176606,0.0,3292.4423352907575,0,5,7
736,duration_60th_percentile,2015-03-01,47,0.9527977929789267,40.9783693228909,3642.554026783234,1,3,6
737,duration_60th_percentile,2015-03-01,47,0.8751833668336916,0.0,3308.1931266313545,0,5,6
738,duration_60th_percentile,2015-03-01,49,0.8982454791975136,0.0,3395.3679113666017,0,4,4
739,duration_60th_percentile,2015-03-01,50,0.899426312972363,0.0,3399.831463035532,0,2,3
740,duration_60th_percentile,2015-03-01,51,0.8911770207083389,0.0,3368.649138277521,0,2,2
741,duration_60th_percentile,2015-03-01,48,0.9356244009037544,3.1018183840135407,3539.7620538002047,1,3,5
742,duration_60th_percentile,2015-03-01,46,0.8898388022311158,16.580299775193453,3380.1709722088112,1,5,7
743,duration_60th_percentile,2015-03-01,48,0.9204397091566836,27.413329529141606,3506.6754301414057,1,4,5
744,duration_60th_percentile,2015-03-01,48,0.9289338778079926,0.0,3511.370058114212,0,4,5
745,duration_60th_percentile,2015-03-01,46,0.9531174049072783,16.397376256109624,3619.181166805622,1,5,7
746,duration_60th_percentile,2015-03-01,47,0.9814950512086692,50.48044810031513,3760.531741669085,3,4,6
747,duration_60th_percentile,2015-03-01,51,0.9314696458978858,0.0,3520.9552614940085,0,2,2
748,duration_60th_percentile,2015-03-01,50,0.8360935505568723,0.0,3160.4336211049767,0,2,3
749,duration_60th_percentile,2015-03-01,48,0.8549346917021957,0.0,3231.6531346342995,0,5,5
750,duration_60th_percentile,2015-03-01,46,0.8318808627146271,0.0,3144.50966106129,0,5,7
751,duration_60th_percentile,2015-03-01,51,0.9029491649183264,0.0,3413.1478433912735,0,2,2
752,duration_60th_percentile,2015-03-01,51,0.9321504402891293,2.950287212207968,3526.478951505117,1,2,2
753,duration_60th_percentile,2015-03-01,50,0.896393205103044,40.58888337465146,3428.9551986641573,1,2,3
754,duration_60th_percentile,2015-03-01,48,0.9207920514963464,5.392109201311541,3485.9860638575014,1,5,5
755,duration_60th_percentile,2015-03-01,52,0.894469313902597,0.0,3381.0940065518157,0,1,1
756,duration_60th_percentile,2015-03-01,47,0.9264668453927618,87.38303288807037,3589.42770847271,1,5,6
757,duration_60th_percentile,2015-03-01,47,0.8839968236375632,0.0,3341.5079933499883,0,5,6
758,duration_60th_percentile,2015-03-01,50,0.9263949981511609,1.5250368301042272,3503.2981298414925,1,3,3
759,duration_60th_percentile,2015-03-01,49,0.9082519268282548,0.0,3433.192283410803,0,3,4
760,duration_60th_percentile,2015-03-01,47,0.8474169377139013,0.0,3203.236024558547,0,5,6
761,duration_60th_percentile,2015-03-01,47,0.9205947825901875,15.945175894347699,3495.7934540852566,2,3,6
762,duration_60th_percentile,2015-03-01,49,0.9326671402921988,11.28083685156264,3536.762627156074,1,4,4
763,duration_60th_percentile,2015-03-01,47,0.8915060621779421,0.0,3369.8929150326217,0,5,6
764,duration_60th_percentile,2015-03-01,47,0.9741280658432642,99.25381293100384,3781.457901818542,1,4,6
765,duration_60th_percentile,2015-03-01,48,0.8683888630665234,0.0,3282.509902391458,0,4,5
766,duration_60th_percentile,2015-03-01,48,0.9192496346468699,0.0,3474.763618965168,0,4,5
767,duration_60th_percentile,2015-03-01,51,0.9058262919593009,0.0,3424.023383606157,0,2,2
768,duration_60th_percentile,2015-03-01,50,0.9140124309927454,0.0,3454.966989152578,0,3,3
769,duration_60th_percentile,2015-03-01,50,0.8732397728043318,0.0,3300.846341200374,0,3,3
770,duration_60th_percentile,2015-03-01,51,0.9077610045202339,0.34140751118218304,3431.678004597667,1,2,2
771,duration_60th_percentile,2015-03-01,52,0.9184151100973995,24.780452434862923,3496.3895686030337,2,1,1
772,duration_60th_percentile,2015-03-01,49,0.9000688608685687,12.664940904969853,3414.925234988159,2,3,4
773,duration_60th_percentile,2015-03-01,47,0.9160793947670027,22.551190916085602,3485.3313031353555,1,4,6
774,duration_60th_percentile,2015-03-01,46,0.8635409051945165,0.0,3264.1846216352724,0,5,7
775,duration_60th_percentile,2015-03-01,50,0.9138773588967021,6.743332298201267,3461.1997489277355,1,3,3
776,duration_60th_percentile,2015-03-01,49,0.9456909550022942,0.0,3574.711809908671,0,3,4
777,duration_60th_percentile,2015-03-01,50,0.8919793593783246,0.0,3371.6819784500667,0,3,3
778,duration_60th_percentile,2015-03-01,49,0.8800056863936992,60.47373327797379,3386.895227846158,1,3,4
779,duration_60th_percentile,2015-03-01,46,0.9212009743549175,0.0,3482.1396830615877,0,5,7
780,duration_60th_percentile,2015-03-01,51,0.9229009375369458,0.0,3488.5655438896556,0,2,2
781,duration_60th_percentile,2015-03-01,48,0.8864181317403351,9.633079276014087,3360.2936172544814,1,4,5
782,duration_60th_percentile,2015-03-01,41,0.8952503440592208,84.69915900184799,3468.7454595457025,1,6,12
783,duration_60th_percentile,2015-03-01,51,0.8691200589183771,0.0,3285.2738227114646,0,2,2
784,duration_60th_percentile,2015-03-01,52,0.9436979869002882,11.738359775711388,3578.9167502588007,1,1,1
785,duration_60th_percentile,2015-03-01,47,0.8912445949740089,39.7585446343993,3408.663113636153,2,4,6
786,duration_60th_percentile,2015-03-01,48,0.8940603968812234,20.913361217874126,3400.461661428899,1,4,5
787,duration_60th_percentile,2015-03-01,50,0.880732181885736,168.976464117565,3498.144111645647,1,2,3
788,duration_60th_percentile,2015-03-01,46,0.9309560504292312,0.0,3519.0138706224943,0,4,7
789,duration_60th_percentile,2015-03-01,50,0.8944523310120472,0.0,3381.029811225538,0,3,3
790,duration_60th_percentile,2015-03-01,48,0.8928770356592404,0.0,3375.0751947919284,0,4,5
791,duration_60th_percentile,2015-03-01,48,0.9230696036146949,13.870043069107169,3503.073144732655,1,4,5
792,duration_60th_percentile,2015-03-01,48,0.9441334427595368,12.462924714837754,3581.2873383458873,1,3,5
793,duration_60th_percentile,2015-03-01,51,0.8779149807899197,0.0,3318.5186273858963,0,2,2
794,duration_60th_percentile,2015-03-01,49,0.9529998348362254,82.79637782401585,3685.135753504948,2,4,4
795,duration_60th_percentile,2015-03-01,45,0.8987090334776074,7.047901737257575,3404.168048282613,1,5,8
796,duration_60th_percentile,2015-03-01,46,0.8962365307411526,20.585540398652597,3408.3596266002096,1,4,7
797,duration_60th_percentile,2015-03-01,50,0.8789387939472108,0.0,3322.3886411204558,0,3,3
798,duration_60th_percentile,2015-03-01,50,0.9395959032185254,0.0,3551.6725141660263,0,3,3
799,duration_60th_percentile,2015-03-01,51,0.8512438523817792,0.0,3217.7017620031256,0,2,2
800,duration_60th_percentile,2015-03-01,49,0.8923327958633882,16.134738581494275,3389.1527069451017,2,3,4
801,duration_60th_percentile,2015-03-01,49,0.9215978917116779,34.86403450046396,3518.5040651706063,1,3,4
802,duration_60th_percentile,2015-03-01,50,0.9609276597445913,23.999348136300682,3656.3059019708558,2,2,3
803,duration_60th_percentile,2015-03-01,48,0.8921685840595822,15.93658350197984,3388.333831247201,1,5,5
804,duration_60th_percentile,2015-03-01,51,0.9309739195577765,24.881497933087303,3543.962913861483,1,2,2
805,duration_60th_percentile,2015-03-01,49,0.9272478369655036,0.0,3504.996823729604,0,3,4
806,duration_60th_percentile,2015-03-01,47,0.9226261165794897,8.203459797972755,3495.7301804684444,1,5,6
807,duration_60th_percentile,2015-03-01,51,0.9517168582964299,48.21434107459379,3645.704065435099,2,2,2
808,duration_60th_percentile,2015-03-01,49,0.8930791990262511,0.0,3375.839372319229,0,4,4
809,duration_60th_percentile,2015-03-01,48,0.9527231847338512,135.19556411323606,3736.489202407194,1,4,5
810,duration_60th_percentile,2015-03-01,47,0.9053616872474469,0.0,3422.2671777953497,0,5,6
811,duration_60th_percentile,2015-03-01,50,0.9520208389746081,71.69243279888678,3670.331204122905,2,3,3
812,duration_60th_percentile,2015-03-01,47,0.9412311918579289,174.6054393048289,3732.4593445277997,5,4,6
813,duration_60th_percentile,2015-03-01,50,0.8487973661537642,0.0,3208.454044061229,0,3,3
814,duration_60th_percentile,2015-03-01,50,0.9451059610438693,43.13650288953306,3615.637035635359,2,3,3
815,duration_60th_percentile,2015-03-01,49,0.8917221584253473,0.0,3370.709758847813,0,4,4
816,duration_60th_percentile,2015-03-01,48,0.9441849093477676,5.535847736044275,3574.5548050706057,1,5,5
817,duration_60th_percentile,2015-03-01,50,0.9225854053494399,19.8067716918805,3507.1796039127635,1,1,3
818,duration_60th_percentile,2015-03-01,50,0.9276304042785091,11.552850801923569,3517.995778974688,2,3,3
819,duration_60th_percentile,2015-03-01,49,0.894762090657946,0.0,3382.200702687036,0,3,4
820,duration_60th_percentile,2015-03-01,50,0.9231067332263218,0.0,3489.3434515954964,0,3,3
821,duration_60th_percentile,2015-03-01,50,0.8758686147190885,0.0,3310.7833636381542,0,3,3
822,duration_60th_percentile,2015-03-01,45,0.8694394971296077,0.0,3286.4812991499175,0,6,8
823,duration_60th_percentile,2015-03-01,48,0.8818048525699745,63.15586120558987,3396.3782039200933,1,4,5
824,duration_60th_percentile,2015-03-01,48,0.8774613850116965,0.0,3316.804035344213,0,3,5
825,duration_60th_percentile,2015-03-01,46,0.8303100016079135,0.0,3138.571806077913,0,4,7
826,duration_60th_percentile,2015-03-01,49,0.8336792904705949,0.0,3151.307717978849,0,3,4
827,duration_60th_percentile,2015-03-01,43,0.9082960153042486,44.24280445081604,3477.6017423008766,2,7,10
828,duration_60th_percentile,2015-03-01,48,0.9260096636506457,0.0,3500.316528599441,0,4,5
829,duration_60th_percentile,2015-03-01,48,0.9239959427252795,0.0,3492.7046635015568,0,4,5
830,duration_60th_percentile,2015-03-01,49,0.8714650153313048,6.268815022344597,3300.406572974677,1,3,4
831,duration_60th_percentile,2015-03-01,50,0.9061977045688662,0.0,3425.4273232703144,0,2,3
832,duration_60th_percentile,2015-03-01,50,0.9154794987827498,0.0,3460.512505398794,0,2,3
833,duration_60th_percentile,2015-03-01,49,0.9496572028203047,47.147258539365566,3636.8514852001176,1,4,4
834,duration_60th_percentile,2015-03-01,50,0.8949310124413159,0.0,3382.8392270281743,0,3,3
835,duration_60th_percentile,2015-03-01,51,0.894709090207509,0.0,3382.0003609843848,0,2,2
836,duration_60th_percentile,2015-03-01,47,0.8699517428948392,0.0,3288.417588142492,0,5,6
837,duration_60th_percentile,2015-03-01,50,0.9574635591787043,120.88433376099579,3740.096587456499,1,3,3
838,duration_60th_percentile,2015-03-01,47,0.8784386463880395,0.0,3320.49808334679,0,4,6
839,duration_60th_percentile,2015-03-01,49,0.9979713272622958,179.05670113727047,3951.388318188749,6,3,4
840,duration_60th_percentile,2015-03-01,51,0.9074723656926359,2.9642389103617006,3433.2097812285256,1,2,2
841,duration_60th_percentile,2015-03-01,46,0.8799231362349275,0.0,3326.109454968026,0,6,7
842,duration_60th_percentile,2015-03-01,45,0.9083928306900615,3.3393133206568564,3437.0642133290894,1,6,8
843,duration_60th_percentile,2015-03-01,50,0.9168533081837911,39.78564476445172,3505.491149699182,1,3,3
844,duration_60th_percentile,2015-03-01,47,0.8824076796693624,0.0,3335.5010291501894,0,5,6
845,duration_60th_percentile,2015-03-01,47,0.887177048963429,33.086098558912454,3386.615343640674,1,4,6
846,duration_60th_percentile,2015-03-01,49,0.9028416191128653,36.26948047430187,3449.010800720932,1,3,4
847,duration_60th_percentile,2015-03-01,46,0.8610230403408107,0.0,3254.667092488264,0,5,7
848,duration_60th_percentile,2015-03-01,48,0.9004681583572873,27.7249066376354,3431.494545228182,2,4,5
849,duration_60th_percentile,2015-03-01,48,0.8818587872755649,0.0,3333.426215901635,0,3,5
850,duration_60th_percentile,2015-03-01,46,0.905198556324826,22.37196460364305,3444.0225075114854,1,3,7
851,duration_60th_percentile,2015-03-01,46,0.8754050506439952,0.0,3309.0310914343013,0,6,7
852,duration_60th_percentile,2015-03-01,48,0.9227714573831989,19.52518550997081,3507.601294418463,1,4,5
853,duration_60th_percentile,2015-03-01,49,0.9504082989121662,25.213706052296743,3617.7570759402843,2,4,4
854,duration_60th_percentile,2015-03-01,47,0.910702258957363,0.0,3442.454538858832,0,5,6
855,duration_60th_percentile,2015-03-01,50,0.9482845592522982,14.124101584930827,3598.6397355586178,1,2,3
856,duration_60th_percentile,2015-03-01,48,0.8643431619085086,0.0,3267.2171520141624,0,4,5
857,duration_60th_percentile,2015-03-01,48,0.9314258802699703,32.35375296471227,3553.1435803852,2,3,5
858,duration_60th_percentile,2015-03-01,47,0.8955322898381172,28.583624122575657,3413.695679710659,1,5,6
859,duration_60th_percentile,2015-03-01,50,0.9115710169826711,11.408131017765982,3457.1465752122626,1,3,3
860,duration_60th_percentile,2015-03-01,45,0.8960393265417573,12.842651664432424,3399.8713059922748,1,5,8
861,duration_60th_percentile,2015-03-01,45,0.9118539344237656,103.7230728589542,3550.5309449807887,1,5,8
862,duration_60th_percentile,2015-03-01,47,0.8966677889351724,1.7495578151615518,3391.1537999901134,1,4,6
863,duration_60th_percentile,2015-03-01,48,0.9155191792516696,18.33230265791167,3478.994800229223,2,4,5
864,duration_60th_percentile,2015-03-01,50,0.906935986684208,0.0,3428.218029666307,0,2,3
865,duration_60th_percentile,2015-03-01,50,0.9187383877999118,17.44025480145899,3490.2713606851257,1,3,3
866,duration_60th_percentile,2015-03-01,47,0.8711400632684049,0.0,3292.9094391545705,0,5,6
867,duration_60th_percentile,2015-03-01,51,0.9387919888193023,23.89605797458296,3572.529775711545,2,1,2
868,duration_60th_percentile,2015-03-01,50,0.9088825309464141,0.0,3435.575966977445,0,2,3
869,duration_60th_percentile,2015-03-01,45,0.8841144408077467,0.0,3341.9525862532823,0,6,8
870,duration_60th_percentile,2015-03-01,46,0.9108367092550262,46.584192343787436,3489.5469533277874,1,4,7
871,duration_60th_percentile,2015-03-01,50,0.8820200009467081,1.9370552690323848,3335.972658847589,1,3,3
872,duration_60th_percentile,2015-03-01,52,0.9435742513202291,76.9789383253966,3643.689608315862,3,1,1
873,duration_60th_percentile,2015-03-01,49,0.8751119900458998,0.0,3307.923322373501,0,3,4
874,duration_60th_percentile,2015-03-01,49,0.8560111936165837,0.0,3235.7223118706866,0,4,4
875,duration_60th_percentile,2015-03-01,47,0.924331750564552,6.634141867896119,3500.608159001902,1,5,6
876,duration_60th_percentile,2015-03-01,46,0.9117849551497087,0.0,3446.547130465899,0,4,7
877,duration_60th_percentile,2015-03-01,46,0.8905155595621368,115.41688603831972,3481.5657011831963,2,4,7
878,duration_60th_percentile,2015-03-01,50,0.8716343798561128,0.0,3294.7779558561065,0,3,3
879,duration_60th_percentile,2015-03-01,48,0.8376426787786889,0.0,3166.289325783444,0,3,5
880,duration_60th_percentile,2015-03-01,50,0.9006754133132749,0.0,3404.5530623241793,0,3,3
881,duration_60th_percentile,2015-03-01,50,0.9268848145941225,41.28025372924094,3544.9048528950243,1,3,3
882,duration_60th_percentile,2015-03-01,49,0.9056721158073646,0.0,3423.4405977518386,0,2,4
883,duration_60th_percentile,2015-03-01,49,0.8680117164397112,0.0,3281.0842881421086,0,2,4
884,duration_60th_percentile,2015-03-01,51,0.9091869385432317,30.673608625863494,3467.4002363192794,1,2,2
885,duration_60th_percentile,2015-03-01,52,0.910712684305288,17.040664315784625,3459.5346109897732,1,1,1
886,duration_60th_percentile,2015-03-01,53,0.935021711816356,83.66952755265515,3618.051598218481,1,0,0
887,duration_60th_percentile,2015-03-01,51,0.9468765518986387,177.36267891212776,3756.556045088983,3,2,2
888,duration_60th_percentile,2015-03-01,51,0.9509736144329171,36.4687925608082,3631.149055117235,2,2,2
889,duration_60th_percentile,2015-03-01,47,0.9402437697234854,76.55669077432458,3630.6781403290997,3,5,6
890,duration_60th_percentile,2015-03-01,49,0.8595377089861159,0.0,3249.0525399675184,0,3,4
891,duration_60th_percentile,2015-03-01,46,0.875789695120187,0.0,3310.485047554307,0,5,7
892,duration_60th_percentile,2015-03-01,44,0.9006615444016376,69.40764725420479,3473.9082850923955,2,7,9
893,duration_60th_percentile,2015-03-01,48,0.8689206522419958,0.0,3284.520065474744,0,4,5
894,duration_60th_percentile,2015-03-01,48,0.8692975096795932,0.0,3285.944586588862,0,3,5
895,duration_60th_percentile,2015-03-01,48,0.9030938137854961,0.0,3413.6946161091755,0,4,5
896,duration_60th_percentile,2015-03-01,49,0.9226477991032188,1.2017787543634313,3488.810459364531,1,4,4
897,duration_60th_percentile,2015-03-01,47,0.8766230963086705,6.119769050398418,3319.7550730971725,1,6,6
898,duration_60th_percentile,2015-03-01,45,0.8702653235518182,0.0,3289.6029230258728,0,5,8
899,duration_60th_percentile,2015-03-01,48,0.9146144757244874,3.6393838830207415,3460.8821021215836,1,4,5
900,duration_60th_percentile,2015-03-01,47,0.904630040050023,0.0,3419.501551389087,0,4,6
901,duration_60th_percentile,2015-03-01,46,0.8996957515194896,0.0,3400.84994074367,0,6,7
902,duration_60th_percentile,2015-03-01,48,0.8795613581881226,0.0,3324.741933951104,0,3,5
903,duration_60th_percentile,2015-03-01,50,0.9103581574290235,6.081591729979664,3447.2354268116883,1,3,3
904,duration_60th_percentile,2015-03-01,50,0.9499464048090902,7.39464208180334,3598.192052260165,1,1,3
905,duration_60th_percentile,2015-03-01,49,0.8999935308348951,53.078369387570774,3455.0539159434747,2,4,4
906,duration_60th_percentile,2015-03-01,47,0.9100866261081508,1.2665179762570915,3441.393964665067,1,4,6
907,duration_60th_percentile,2015-03-01,47,0.8733513290685921,0.0,3301.268023879278,0,6,6
908,duration_60th_percentile,2015-03-01,49,0.9135189077847113,0.0,3453.1014714262083,0,4,4
909,duration_60th_percentile,2015-03-01,44,0.8969319582051065,0.0,3390.4028020153028,0,5,9
910,duration_60th_percentile,2015-03-01,46,0.8634194305443156,0.0,3263.7254474575125,0,6,7
911,duration_60th_percentile,2015-03-01,49,0.8571991909753259,0.0,3240.2129418867326,0,3,4
912,duration_60th_percentile,2015-03-01,49,0.857306415237627,0.0,3240.6182495982302,0,3,4
913,duration_60th_percentile,2015-03-01,47,0.8953130886102016,0.0,3384.283474946562,0,5,6
914,duration_60th_percentile,2015-03-01,49,0.9259677977972933,0.0,3500.158275673769,0,4,4
915,duration_60th_percentile,2015-03-01,46,0.8677300632999321,0.0,3280.0196392737435,0,5,7
916,duration_60th_percentile,2015-03-01,46,0.8976301596100712,0.0,3393.042003326069,0,5,7
917,duration_60th_percentile,2015-03-01,47,0.9011443571354409,0.0,3406.325669971967,0,5,6
918,duration_60th_percentile,2015-03-01,46,0.8804820275589407,4.076965444128518,3332.2990296169246,1,5,7
919,duration_60th_percentile,2015-03-01,46,0.9028495391163572,0.0,3412.7712578598303,0,6,7
920,duration_60th_percentile,2015-03-01,44,0.9114885004081156,0.0,3445.4265315426765,0,6,9
921,duration_60th_percentile,2015-03-01,51,0.9164116842199489,0.0,3464.036166351407,0,2,2
922,duration_60th_percentile,2015-03-01,48,0.9218487648052739,0.0,3484.588330963935,0,3,5
923,duration_60th_percentile,2015-03-01,49,0.8517872134664959,0.0,3219.7556669033543,0,4,4
924,duration_60th_percentile,2015-03-01,48,0.8938610319298259,0.0,3378.7947006947416,0,4,5
925,duration_60th_percentile,2015-03-01,49,0.9562528737938354,24.99300709252043,3639.628870033218,2,3,4
926,duration_60th_percentile,2015-03-01,48,0.8824088118831579,0.0,3335.505308918337,0,5,5
927,duration_60th_percentile,2015-03-01,53,0.9128728878270197,0.0,3450.659515986134,0,0,0
928,duration_60th_percentile,2015-03-01,46,0.9520598371212277,107.87181399482176,3706.6579983130623,4,5,7
929,duration_60th_percentile,2015-03-01,46,0.9049898827466963,0.0,3420.861756782512,0,5,7
930,duration_60th_percentile,2015-03-01,48,0.9024902908116429,0.06701275172690657,3411.4803120197366,1,4,5
931,duration_60th_percentile,2015-03-01,49,0.8840479297730074,0.0,3341.7011745419677,0,4,4
932,duration_60th_percentile,2015-03-01,44,0.9178411001962221,44.3521329904803,3513.7914917322005,1,6,9
933,duration_60th_percentile,2015-03-01,52,0.9141574089272603,17.620793330143442,3473.135799075187,1,1,1
934,duration_60th_percentile,2015-03-01,49,0.8691524463942182,26.05325809311944,3311.449505463264,1,2,4
935,duration_60th_percentile,2015-03-01,48,0.9300753941300369,10.439742246096898,3526.1247320576367,1,4,5
936,duration_60th_percentile,2015-03-01,46,0.8978692694356656,0.0,3393.945838466816,0,6,7
937,duration_60th_percentile,2015-03-01,47,0.9083123687071736,9.435211357642743,3442.8559650707593,1,5,6
938,duration_60th_percentile,2015-03-01,48,0.9533416547136829,19.106070941194957,3622.737525758916,1,3,5
939,duration_60th_percentile,2015-03-01,49,0.8476643476088864,0.0,3204.171233961591,0,4,4
940,duration_60th_percentile,2015-03-01,48,0.9074424354125619,0.0,3430.132405859484,0,4,5
941,duration_60th_percentile,2015-03-01,48,0.8900449776693631,9.908482417603409,3374.2784980077954,1,4,5
942,duration_60th_percentile,2015-03-01,48,0.9043075280666658,5.924284569697875,3424.2067406616943,1,4,5
943,duration_60th_percentile,2015-03-01,50,0.9406580692756723,110.87571234385496,3666.5632142058967,1,3,3
944,duration_60th_percentile,2015-03-01,49,0.8784913732883428,0.0,3320.6973910299353,0,4,4
945,duration_60th_percentile,2015-03-01,47,0.8624812139907492,36.44219109906135,3296.621179984093,1,4,6
946,duration_60th_percentile,2015-03-01,49,0.9077918152883238,0.0,3431.453061789864,0,3,4
947,duration_60th_percentile,2015-03-01,46,0.8962081650510327,4.7748190992465425,3392.4416829921497,1,6,7
948,duration_60th_percentile,2015-03-01,46,0.9637962446768328,47.35880845038139,3690.508613328809,3,5,7
949,duration_60th_percentile,2015-03-01,49,0.9113750281266995,0.0,3444.9976063189238,0,3,4
950,duration_60th_percentile,2015-03-01,45,0.8508193641696755,0.0,3216.097196561374,0,5,8
951,duration_60th_percentile,2015-03-01,42,0.9254756285473192,15.295283275040788,3513.593159183908,2,6,11
952,duration_60th_percentile,2015-03-01,49,0.9033215993670504,30.12710588355958,3444.6827514910105,1,2,4
953,duration_60th_percentile,2015-03-01,51,0.8191673919308238,0.0,3096.4527414985137,0,2,2
954,duration_60th_percentile,2015-03-01,46,0.9031646864589681,0.0,3413.9625148148994,0,5,7
955,duration_60th_percentile,2015-03-01,49,0.9119376127742925,0.2393883466660327,3447.3635646334915,2,4,4
956,duration_60th_percentile,2015-03-01,50,0.9453216789444568,2.480543409788879,3575.7964898198366,1,3,3
957,duration_60th_percentile,2015-03-01,47,0.9075574458560546,13.087796476762037,3443.6549418126488,2,4,6
958,duration_60th_percentile,2015-03-01,50,0.9294359591349218,1.4573641766831997,3514.725289706688,1,2,3
959,duration_60th_percentile,2015-03-01,50,0.9689691264730921,100.93305478730326,3763.6363528555908,4,2,3
960,duration_60th_percentile,2015-03-01,45,0.9285174397217713,39.65577706959118,3549.451699217887,3,5,8
961,duration_60th_percentile,2015-03-01,48,0.8465814187145961,0.0,3200.077762741174,0,4,5
962,duration_60th_percentile,2015-03-01,50,0.8450828943192151,0.0,3194.4133405266325,0,3,3
963,duration_60th_percentile,2015-03-01,46,0.8753160309613562,0.0,3308.694597033927,0,5,7
964,duration_60th_percentile,2015-03-01,48,0.8936475706650829,4.361982095193184,3382.3497992092066,1,4,5
965,duration_60th_percentile,2015-03-01,50,0.9480670259947371,73.35725827117813,3657.0506165312845,2,3,3
966,duration_60th_percentile,2015-03-01,50,0.9054365736659966,0.0,3422.5502484574677,0,2,3
967,duration_60th_percentile,2015-03-01,48,0.9038507258775904,0.0,3416.555743817292,0,5,5
968,duration_60th_percentile,2015-03-01,48,0.9339245120747839,40.62962539240084,3570.864281035084,1,3,5
969,duration_60th_percentile,2015-03-01,51,0.8531521810889691,0.0,3224.9152445163027,0,2,2
970,duration_60th_percentile,2015-03-01,49,0.9219933049432557,41.74029333366241,3526.8749860191692,1,3,4
971,duration_60th_percentile,2015-03-01,49,0.8823599840659947,0.0,3335.32073976946,0,4,4
972,duration_60th_percentile,2015-03-01,48,0.9525023259604977,9.475897302206931,3609.9346894328887,1,3,5
973,duration_60th_percentile,2015-03-01,48,0.8971986828093853,0.0,3391.4110210194763,0,2,5
974,duration_60th_percentile,2015-03-01,45,0.8724180189156815,13.594838743210858,3311.3349502444876,1,6,8
975,duration_60th_percentile,2015-03-01,51,0.9062117945317558,6.848152940161754,3432.3287362701985,1,2,2
976,duration_60th_percentile,2015-03-01,44,0.9223296418993344,205.51795330904054,3691.923999688525,1,4,9
977,duration_60th_percentile,2015-03-01,46,0.913886207570166,0.0,3454.4898646152274,0,5,7
978,duration_60th_percentile,2015-03-01,50,0.9350603547719192,0.0,3534.5281410378548,0,3,3
979,duration_60th_percentile,2015-03-01,46,0.9403660706228175,28.95413118159172,3583.537878135842,3,5,7
980,duration_60th_percentile,2015-03-01,45,0.9388804445763987,181.94515415182696,3730.9132346506144,2,5,8
981,duration_60th_percentile,2015-03-01,49,0.8525373761818406,0.0,3222.5912819673576,0,4,4
982,duration_60th_percentile,2015-03-01,49,0.9095025593505727,0.0,3437.919674345165,0,4,4
983,duration_60th_percentile,2015-03-01,47,0.8663497868041778,0.0,3274.802194119792,0,4,6
984,duration_60th_percentile,2015-03-01,49,0.9443504039453463,124.49126690883372,3694.1357938222427,1,4,4
985,duration_60th_percentile,2015-03-01,46,0.8626512074559772,0.0,3260.8215641835936,0,5,7
986,duration_60th_percentile,2015-03-01,46,0.8701737789766383,0.0,3289.256884531693,0,5,7
987,duration_60th_percentile,2015-03-01,45,0.8973302635331714,22.343740724363556,3414.252136879751,1,6,8
988,duration_60th_percentile,2015-03-01,51,0.9278203796811056,27.740684075502145,3534.9017192700812,1,2,2
989,duration_60th_percentile,2015-03-01,48,0.8868863006257558,0.0,3352.430216365357,0,4,5
990,duration_60th_percentile,2015-03-01,50,0.9298335451244232,0.0,3514.77080057032,0,2,3
991,duration_60th_percentile,2015-03-01,49,0.9607589029240057,36.916014164607304,3668.584667217348,2,4,4
992,duration_60th_percentile,2015-03-01,52,0.9326081786724659,99.14321228879248,3624.4021276707126,1,1,1
993,duration_60th_percentile,2015-03-01,50,0.9265632727182298,11.217184049326647,3513.626354924235,1,3,3
994,duration_60th_percentile,2015-03-01,51,0.882768745872904,28.641102301432397,3365.506961701009,1,2,2
995,duration_60th_percentile,2015-03-01,51,0.855332045262089,0.0,3233.155131090696,0,2,2
996,duration_60th_percentile,2015-03-01,52,0.9245146577524345,26.86363286827941,3521.5290391724825,2,1,1
997,duration_60th_percentile,2015-03-01,52,0.9424360887618459,254.60056899341953,3817.008984513197,3,1,1
998,duration_60th_percentile,2015-03-01,49,0.9223066309050741,0.48210227818799467,3486.8011670993683,1,3,4
999,duration_60th_percentile,2015-03-01,48,0.8850479598867034,190.48671750458584,3535.9680058763247,1,3,5
