,iteration,objective type,disruptions?,perfect_information_bool,days_considered_tardy,week,total tardiness,number of patients tardy,average wait time (priority < 0.33),average wait_time (0.33 < priority < 0.66),average wait time 0.66 < priority,number of surgeries scheduled,num sessions,num surgeries cancelled,cancelation proportion
0,0,t&p matrix,False,True,91,1,1098,45,35.49382716049383,23.0,31.11111111111111,81,11,0,0.0
1,0,t&p matrix,False,True,91,2,0,0,2.3157894736842106,9.894736842105264,37.55263157894737,38,5,0,0.0
2,0,t&p matrix,False,True,91,3,0,0,18.96969696969697,19.181818181818183,13.393939393939394,33,6,0,0.0
3,0,t&p matrix,False,True,91,4,4,1,44.94736842105263,20.842105263157894,8.842105263157896,19,3,0,0.0
4,0,t&p matrix,False,True,91,6,0,0,13.641509433962264,21.28301886792453,18.22641509433962,53,8,0,0.0
5,0,t&p matrix,False,True,91,7,0,0,24.36111111111111,20.166666666666668,15.916666666666666,36,6,0,0.0
6,0,t&p matrix,False,True,91,8,0,0,27.79310344827586,9.689655172413794,13.310344827586206,29,5,0,0.0
7,0,t&p matrix,False,True,91,9,0,0,55.38095238095238,12.666666666666666,8.19047619047619,21,5,0,0.0
8,0,t&p matrix,False,True,91,10,0,0,23.098039215686274,16.568627450980394,10.058823529411764,51,8,0,0.0
9,0,t&p matrix,False,True,91,11,0,0,29.264705882352942,27.441176470588236,12.617647058823529,34,8,0,0.0
10,0,t&p matrix,False,True,91,12,0,0,26.568181818181817,15.590909090909092,6.795454545454546,44,7,0,0.0
11,0,t&p matrix,False,True,91,13,0,0,27.033333333333335,18.133333333333333,6.233333333333333,30,5,0,0.0
12,0,t&p matrix,False,True,91,14,0,0,17.91111111111111,25.511111111111113,7.955555555555556,45,7,0,0.0
13,0,t&p matrix,False,True,91,15,0,0,38.38709677419355,25.93548387096774,8.64516129032258,31,6,0,0.0
14,0,t&p matrix,False,True,91,16,0,0,23.763157894736842,14.552631578947368,9.868421052631579,38,6,0,0.0
15,0,t&p matrix,False,True,91,17,0,0,30.51219512195122,14.731707317073171,3.682926829268293,41,7,0,0.0
16,0,t&p matrix,False,True,91,18,0,0,1.8695652173913044,11.282608695652174,6.826086956521739,46,7,0,0.0
17,0,t&p matrix,False,True,91,19,0,0,31.09375,17.0625,2.1875,32,7,0,0.0
18,0,t&p matrix,False,True,91,20,0,0,16.958333333333332,17.1875,6.083333333333333,48,7,0,0.0
19,0,t&p matrix,False,True,91,21,0,0,27.72222222222222,27.555555555555557,9.63888888888889,36,8,0,0.0
20,0,t&p matrix,False,True,91,22,0,0,20.11111111111111,13.866666666666667,7.644444444444445,45,7,0,0.0
21,0,t&p matrix,False,True,91,23,0,0,47.869565217391305,16.695652173913043,7.521739130434782,23,5,0,0.0
22,0,t&p matrix,False,True,91,24,0,0,37.25,12.075,2.65,40,7,0,0.0
23,0,t&p matrix,False,True,91,25,0,0,25.209302325581394,8.790697674418604,8.046511627906977,43,8,0,0.0
24,0,t&p matrix,False,True,91,26,0,0,23.982142857142858,15.214285714285714,6.107142857142857,56,9,0,0.0
25,0,t&p matrix,False,True,91,27,0,0,33.45945945945946,12.621621621621621,3.7027027027027026,37,8,0,0.0
26,0,t&p matrix,False,True,91,28,0,0,35.146341463414636,10.634146341463415,6.048780487804878,41,6,0,0.0
27,0,t&p matrix,False,True,91,29,0,0,36.76470588235294,36.470588235294116,4.823529411764706,17,5,0,0.0
28,0,t&p matrix,False,True,91,30,0,0,35.285714285714285,19.178571428571427,-0.5357142857142857,28,6,0,0.0
29,0,t&p matrix,False,True,91,31,0,0,37.5,8.0,3.1666666666666665,24,5,0,0.0
30,0,t&p matrix,False,True,91,32,0,0,25.5,15.738095238095237,3.6666666666666665,42,7,0,0.0
31,0,t&p matrix,False,True,91,33,0,0,30.795454545454547,11.431818181818182,3.9318181818181817,44,7,0,0.0
32,0,t&p matrix,False,True,91,34,0,0,21.41860465116279,14.86046511627907,-0.4883720930232558,43,6,0,0.0
33,0,t&p matrix,False,True,91,35,0,0,23.057142857142857,7.742857142857143,0.9428571428571428,35,7,0,0.0
34,0,t&p matrix,False,True,91,36,0,0,21.975609756097562,19.926829268292682,5.195121951219512,41,7,0,0.0
35,0,t&p matrix,False,True,91,37,0,0,24.025,11.1,6.0,40,7,0,0.0
36,0,t&p matrix,False,True,91,38,0,0,38.891891891891895,12.513513513513514,2.135135135135135,37,7,0,0.0
37,0,t&p matrix,False,True,91,39,0,0,22.166666666666668,13.88888888888889,5.388888888888889,36,9,0,0.0
38,0,t&p matrix,False,True,91,40,0,0,16.976190476190474,14.333333333333334,2.619047619047619,42,7,0,0.0
39,0,t&p matrix,False,True,91,41,0,0,32.392857142857146,26.142857142857142,5.321428571428571,28,7,0,0.0
40,0,t&p matrix,False,True,91,42,0,0,72.66666666666667,9.666666666666666,0.0,18,5,0,0.0
41,0,t&p matrix,False,True,91,45,0,0,24.333333333333332,10.703703703703704,5.7407407407407405,27,5,0,0.0
42,0,t&p matrix,False,True,91,46,0,0,29.25,10.375,3.85,40,6,0,0.0
43,0,t&p matrix,False,True,91,47,0,0,18.655172413793103,7.137931034482759,3.0344827586206895,29,5,0,0.0
44,0,t&p matrix,False,True,91,48,0,0,27.423076923076923,11.0,3.230769230769231,26,5,0,0.0
45,0,t&p matrix,False,True,91,49,0,0,22.95,6.825,2.1,40,8,0,0.0
46,0,t&p matrix,False,True,91,50,0,0,30.70212765957447,14.212765957446809,5.212765957446808,47,8,0,0.0
47,0,t&p matrix,False,True,91,51,0,0,22.121951219512194,6.365853658536586,4.487804878048781,41,10,0,0.0
48,0,t&p matrix,False,False,91,1,1066,45,34.4125,23.9125,31.575,80,11,1,0.012345679012345678
49,0,t&p matrix,False,False,91,2,40,1,6.944444444444445,10.833333333333334,34.52777777777778,36,5,2,0.05263157894736842
50,0,t&p matrix,False,False,91,3,0,0,24.09090909090909,12.696969696969697,18.818181818181817,33,6,0,0.0
51,0,t&p matrix,False,False,91,4,0,0,33.111111111111114,28.444444444444443,14.055555555555555,18,3,0,0.0
52,0,t&p matrix,False,False,91,6,0,0,15.339622641509434,15.283018867924529,18.037735849056602,53,8,1,0.018518518518518517
53,0,t&p matrix,False,False,91,7,7,1,25.37142857142857,23.37142857142857,12.82857142857143,35,6,0,0.0
54,0,t&p matrix,False,False,91,8,0,0,32.629629629629626,16.037037037037038,27.14814814814815,27,5,0,0.0
55,0,t&p matrix,False,False,91,9,0,0,59.63636363636363,20.045454545454547,8.045454545454545,22,5,0,0.0
56,0,t&p matrix,False,False,91,10,0,0,18.67924528301887,11.584905660377359,7.188679245283019,53,8,1,0.018518518518518517
57,0,t&p matrix,False,False,91,11,0,0,33.125,31.59375,10.90625,32,8,1,0.030303030303030304
58,0,t&p matrix,False,False,91,12,0,0,23.975609756097562,17.317073170731707,7.609756097560975,41,7,2,0.046511627906976744
59,0,t&p matrix,False,False,91,13,22,2,28.06896551724138,22.655172413793103,5.0344827586206895,29,5,1,0.03333333333333333
60,0,t&p matrix,False,False,91,14,6,1,14.837209302325581,26.0,11.581395348837209,43,7,0,0.0
61,0,t&p matrix,False,False,91,15,0,0,39.6,23.733333333333334,9.0,30,6,1,0.03225806451612903
62,0,t&p matrix,False,False,91,16,7,1,27.575757575757574,19.424242424242426,16.333333333333332,33,6,3,0.08333333333333333
63,0,t&p matrix,False,False,91,17,6,1,36.325,13.45,4.325,40,7,3,0.06976744186046512
64,0,t&p matrix,False,False,91,18,5,1,3.7708333333333335,10.125,9.6875,48,7,1,0.02040816326530612
65,0,t&p matrix,False,False,91,19,0,0,27.066666666666666,18.166666666666668,3.1,30,7,0,0.0
66,0,t&p matrix,False,False,91,20,0,0,18.08888888888889,21.91111111111111,7.222222222222222,45,7,2,0.0425531914893617
67,0,t&p matrix,False,False,91,21,0,0,27.555555555555557,32.111111111111114,7.805555555555555,36,8,1,0.02702702702702703
68,0,t&p matrix,False,False,91,22,0,0,22.837209302325583,10.44186046511628,8.534883720930232,43,7,2,0.044444444444444446
69,0,t&p matrix,False,False,91,23,14,2,47.9,28.25,9.1,20,5,1,0.047619047619047616
70,0,t&p matrix,False,False,91,24,3,2,41.53846153846154,12.0,3.5641025641025643,39,7,1,0.025
71,0,t&p matrix,False,False,91,25,0,0,27.547619047619047,10.476190476190476,7.761904761904762,42,8,2,0.045454545454545456
72,0,t&p matrix,False,False,91,26,6,1,22.041666666666668,15.604166666666666,9.916666666666666,48,9,5,0.09433962264150944
73,0,t&p matrix,False,False,91,27,3,2,33.77142857142857,9.914285714285715,11.657142857142857,35,8,2,0.05405405405405406
74,0,t&p matrix,False,False,91,28,0,0,35.775,18.175,6.15,40,6,3,0.06976744186046512
75,0,t&p matrix,False,False,91,29,6,1,39.625,44.6875,5.5625,16,5,1,0.058823529411764705
76,0,t&p matrix,False,False,91,30,2,2,49.04545454545455,40.68181818181818,0.0,22,6,2,0.08333333333333333
77,0,t&p matrix,False,False,91,31,3,1,50.5625,22.3125,16.625,16,5,2,0.1111111111111111
78,0,t&p matrix,False,False,91,32,5,2,29.692307692307693,18.923076923076923,6.435897435897436,39,7,3,0.07142857142857142
79,0,t&p matrix,False,False,91,33,0,0,30.11904761904762,13.976190476190476,8.166666666666666,42,7,4,0.08695652173913043
80,0,t&p matrix,False,False,91,34,85,1,19.675675675675677,20.756756756756758,5.675675675675675,37,6,3,0.075
81,0,t&p matrix,False,False,91,35,14,2,18.325,20.1,6.7,40,7,2,0.047619047619047616
82,0,t&p matrix,False,False,91,36,1,1,28.365853658536587,22.073170731707318,11.512195121951219,41,7,1,0.023809523809523808
83,0,t&p matrix,False,False,91,37,0,0,21.365853658536587,10.707317073170731,8.048780487804878,41,7,0,0.0
84,0,t&p matrix,False,False,91,38,0,0,34.07692307692308,16.487179487179485,3.641025641025641,39,7,0,0.0
85,0,t&p matrix,False,False,91,39,0,0,19.105263157894736,35.78947368421053,11.5,38,9,0,0.0
86,0,t&p matrix,False,False,91,40,0,0,20.29268292682927,30.536585365853657,10.609756097560975,41,7,3,0.06818181818181818
87,0,t&p matrix,False,False,91,41,0,0,37.69230769230769,34.5,9.76923076923077,26,7,0,0.0
88,0,t&p matrix,False,False,91,42,0,0,64.78947368421052,9.157894736842104,0.0,19,5,0,0.0
89,0,t&p matrix,False,False,91,45,3,1,21.52,28.4,5.96,25,5,0,0.0
90,0,t&p matrix,False,False,91,46,0,0,34.64705882352941,15.735294117647058,11.058823529411764,34,6,2,0.05555555555555555
91,0,t&p matrix,False,False,91,47,1,1,23.8,11.733333333333333,8.533333333333333,30,5,0,0.0
92,0,t&p matrix,False,False,91,48,0,0,27.08695652173913,23.695652173913043,11.695652173913043,23,5,0,0.0
93,0,t&p matrix,False,False,91,49,0,0,20.75,8.775,9.95,40,8,1,0.024390243902439025
94,0,t&p matrix,False,False,91,50,2,1,37.7906976744186,29.930232558139537,6.767441860465116,43,8,0,0.0
95,0,t&p matrix,False,False,91,51,0,0,21.093023255813954,14.604651162790697,9.279069767441861,43,10,1,0.022727272727272728
96,1,t&p matrix,False,True,91,1,1096,46,26.74074074074074,19.382716049382715,43.95061728395062,81,11,0,0.0
97,1,t&p matrix,False,True,91,2,0,0,6.428571428571429,1.8095238095238095,29.833333333333332,42,5,0,0.0
98,1,t&p matrix,False,True,91,3,0,0,15.852941176470589,22.38235294117647,20.91176470588235,34,6,0,0.0
99,1,t&p matrix,False,True,91,4,0,0,35.8235294117647,43.588235294117645,0.0,17,3,0,0.0
100,1,t&p matrix,False,True,91,6,0,0,9.75,15.517857142857142,25.803571428571427,56,8,0,0.0
101,1,t&p matrix,False,True,91,7,0,0,32.12903225806452,23.677419354838708,14.419354838709678,31,6,0,0.0
102,1,t&p matrix,False,True,91,8,0,0,18.620689655172413,13.758620689655173,29.03448275862069,29,5,0,0.0
103,1,t&p matrix,False,True,91,9,0,0,35.9,30.05,17.75,20,5,0,0.0
104,1,t&p matrix,False,True,91,10,0,0,18.26530612244898,13.571428571428571,17.653061224489797,49,8,0,0.0
105,1,t&p matrix,False,True,91,11,0,0,34.3235294117647,30.323529411764707,0.29411764705882354,34,8,0,0.0
106,1,t&p matrix,False,True,91,12,0,0,20.930232558139537,18.325581395348838,6.72093023255814,43,7,0,0.0
107,1,t&p matrix,False,True,91,13,0,0,18.066666666666666,26.8,6.433333333333334,30,5,0,0.0
108,1,t&p matrix,False,True,91,14,0,0,18.454545454545453,19.863636363636363,10.772727272727273,44,7,0,0.0
109,1,t&p matrix,False,True,91,15,0,0,42.56666666666667,15.033333333333333,2.466666666666667,30,6,0,0.0
110,1,t&p matrix,False,True,91,16,0,0,27.027027027027028,19.783783783783782,8.783783783783784,37,6,0,0.0
111,1,t&p matrix,False,True,91,17,0,0,20.76923076923077,16.28205128205128,6.9743589743589745,39,7,0,0.0
112,1,t&p matrix,False,True,91,18,0,0,1.7959183673469388,13.142857142857142,12.938775510204081,49,7,0,0.0
113,1,t&p matrix,False,True,91,19,0,0,9.1,26.433333333333334,14.9,30,7,0,0.0
114,1,t&p matrix,False,True,91,20,0,0,20.826923076923077,17.942307692307693,5.1923076923076925,52,7,0,0.0
115,1,t&p matrix,False,True,91,21,0,0,27.27027027027027,26.81081081081081,9.513513513513514,37,8,0,0.0
116,1,t&p matrix,False,True,91,22,0,0,24.363636363636363,19.454545454545453,10.5,44,7,0,0.0
117,1,t&p matrix,False,True,91,23,0,0,53.09090909090909,16.363636363636363,7.636363636363637,22,5,0,0.0
118,1,t&p matrix,False,True,91,24,0,0,20.681818181818183,16.90909090909091,0.3181818181818182,44,7,0,0.0
119,1,t&p matrix,False,True,91,25,0,0,20.934782608695652,17.043478260869566,4.630434782608695,46,8,0,0.0
120,1,t&p matrix,False,True,91,26,0,0,19.425925925925927,23.64814814814815,8.296296296296296,54,9,0,0.0
121,1,t&p matrix,False,True,91,27,0,0,18.25,20.0,4.222222222222222,36,8,0,0.0
122,1,t&p matrix,False,True,91,28,0,0,24.85,7.35,3.175,40,6,0,0.0
123,1,t&p matrix,False,True,91,29,0,0,46.73684210526316,28.210526315789473,4.421052631578948,19,5,0,0.0
124,1,t&p matrix,False,True,91,30,0,0,32.357142857142854,16.0,15.5,28,6,0,0.0
125,1,t&p matrix,False,True,91,31,0,0,42.333333333333336,25.428571428571427,8.333333333333334,21,5,0,0.0
126,1,t&p matrix,False,True,91,32,0,0,19.38095238095238,24.166666666666668,3.238095238095238,42,7,0,0.0
127,1,t&p matrix,False,True,91,33,0,0,31.295454545454547,8.181818181818182,0.5454545454545454,44,7,0,0.0
128,1,t&p matrix,False,True,91,34,0,0,29.216216216216218,8.0,7.378378378378378,37,6,0,0.0
129,1,t&p matrix,False,True,91,35,0,0,32.333333333333336,10.88888888888889,-0.3611111111111111,36,7,0,0.0
130,1,t&p matrix,False,True,91,36,0,0,17.261904761904763,15.166666666666666,5.809523809523809,42,7,0,0.0
131,1,t&p matrix,False,True,91,37,0,0,13.948717948717949,11.564102564102564,0.23076923076923078,39,7,0,0.0
132,1,t&p matrix,False,True,91,38,0,0,41.026315789473685,6.157894736842105,-0.07894736842105263,38,7,0,0.0
133,1,t&p matrix,False,True,91,39,0,0,31.333333333333332,11.461538461538462,1.564102564102564,39,9,0,0.0
134,1,t&p matrix,False,True,91,40,0,0,20.477272727272727,17.431818181818183,-0.36363636363636365,44,7,0,0.0
135,1,t&p matrix,False,True,91,41,0,0,57.48275862068966,8.689655172413794,2.1724137931034484,29,7,0,0.0
136,1,t&p matrix,False,True,91,42,0,0,67.52631578947368,13.894736842105264,0.0,19,5,0,0.0
137,1,t&p matrix,False,True,91,45,0,0,27.555555555555557,9.962962962962964,6.777777777777778,27,5,0,0.0
138,1,t&p matrix,False,True,91,46,0,0,41.256410256410255,3.4871794871794872,1.5384615384615385,39,6,0,0.0
139,1,t&p matrix,False,True,91,47,0,0,32.0,4.741935483870968,3.4193548387096775,31,5,0,0.0
140,1,t&p matrix,False,True,91,48,0,0,20.25925925925926,13.185185185185185,0.5555555555555556,27,5,0,0.0
141,1,t&p matrix,False,True,91,49,0,0,25.512820512820515,5.487179487179487,2.641025641025641,39,8,0,0.0
142,1,t&p matrix,False,True,91,50,0,0,32.51219512195122,16.51219512195122,2.4390243902439024,41,8,0,0.0
143,1,t&p matrix,False,True,91,51,0,0,15.0,11.772727272727273,4.659090909090909,44,10,0,0.0
144,1,t&p matrix,False,False,91,1,1071,44,27.468354430379748,19.848101265822784,42.936708860759495,79,11,2,0.024691358024691357
145,1,t&p matrix,False,False,91,2,15,1,6.923076923076923,2.076923076923077,27.794871794871796,39,5,3,0.07142857142857142
146,1,t&p matrix,False,False,91,3,0,0,10.93939393939394,22.939393939393938,23.696969696969695,33,6,1,0.029411764705882353
147,1,t&p matrix,False,False,91,4,0,0,35.705882352941174,44.05882352941177,-0.058823529411764705,17,3,1,0.05555555555555555
148,1,t&p matrix,False,False,91,6,66,2,14.0,13.038461538461538,33.86538461538461,52,8,2,0.037037037037037035
149,1,t&p matrix,False,False,91,7,0,0,31.125,24.8125,11.21875,32,6,1,0.030303030303030304
150,1,t&p matrix,False,False,91,8,0,0,23.08,12.12,32.84,25,5,3,0.10714285714285714
151,1,t&p matrix,False,False,91,9,21,3,34.333333333333336,33.95238095238095,21.61904761904762,21,5,0,0.0
152,1,t&p matrix,False,False,91,10,1,1,15.695652173913043,12.652173913043478,18.695652173913043,46,8,3,0.061224489795918366
153,1,t&p matrix,False,False,91,11,0,0,39.125,32.40625,4.75,32,8,2,0.058823529411764705
154,1,t&p matrix,False,False,91,12,7,2,24.24390243902439,16.121951219512194,7.146341463414634,41,7,2,0.046511627906976744
155,1,t&p matrix,False,False,91,13,25,2,23.933333333333334,35.733333333333334,7.533333333333333,30,5,1,0.03225806451612903
156,1,t&p matrix,False,False,91,14,0,0,17.166666666666668,19.571428571428573,14.5,42,7,2,0.045454545454545456
157,1,t&p matrix,False,False,91,15,1,1,48.88461538461539,16.346153846153847,3.1153846153846154,26,6,3,0.10344827586206896
158,1,t&p matrix,False,False,91,16,0,0,24.727272727272727,24.757575757575758,12.272727272727273,33,6,2,0.05714285714285714
159,1,t&p matrix,False,False,91,17,0,0,27.513513513513512,19.324324324324323,7.621621621621622,37,7,3,0.075
160,1,t&p matrix,False,False,91,18,48,2,2.3333333333333335,17.313725490196077,9.098039215686274,51,7,1,0.019230769230769232
161,1,t&p matrix,False,False,91,19,0,0,6.5,28.785714285714285,20.392857142857142,28,7,1,0.034482758620689655
162,1,t&p matrix,False,False,91,20,0,0,24.07843137254902,19.45098039215686,6.96078431372549,51,7,1,0.019230769230769232
163,1,t&p matrix,False,False,91,21,15,1,28.11111111111111,27.666666666666668,9.75,36,8,1,0.02702702702702703
164,1,t&p matrix,False,False,91,22,6,1,24.613636363636363,23.25,8.704545454545455,44,7,1,0.022222222222222223
165,1,t&p matrix,False,False,91,23,1,1,52.65,22.35,13.7,20,5,1,0.047619047619047616
166,1,t&p matrix,False,False,91,24,5,2,26.634146341463413,13.609756097560975,12.048780487804878,41,7,1,0.023809523809523808
167,1,t&p matrix,False,False,91,25,3,1,16.022222222222222,21.955555555555556,6.644444444444445,45,8,2,0.0425531914893617
168,1,t&p matrix,False,False,91,26,1,1,21.03921568627451,27.54901960784314,8.843137254901961,51,9,3,0.05555555555555555
169,1,t&p matrix,False,False,91,27,0,0,19.625,25.21875,4.125,32,8,5,0.13513513513513514
170,1,t&p matrix,False,False,91,28,7,1,40.21621621621622,18.72972972972973,3.7027027027027026,37,6,4,0.0975609756097561
171,1,t&p matrix,False,False,91,29,1,1,42.294117647058826,31.764705882352942,9.882352941176471,17,5,1,0.05555555555555555
172,1,t&p matrix,False,False,91,30,0,0,39.125,18.75,21.916666666666668,24,6,2,0.07692307692307693
173,1,t&p matrix,False,False,91,31,19,2,40.6,40.5,8.8,20,5,0,0.0
174,1,t&p matrix,False,False,91,32,0,0,21.046511627906977,24.093023255813954,5.558139534883721,43,7,2,0.044444444444444446
175,1,t&p matrix,False,False,91,33,0,0,33.24390243902439,15.121951219512194,6.585365853658536,41,7,2,0.046511627906976744
176,1,t&p matrix,False,False,91,34,23,2,30.0,9.425,5.1,40,6,0,0.0
177,1,t&p matrix,False,False,91,35,0,0,38.088235294117645,23.823529411764707,2.264705882352941,34,7,2,0.05555555555555555
178,1,t&p matrix,False,False,91,36,0,0,18.075,20.85,11.45,40,7,2,0.047619047619047616
179,1,t&p matrix,False,False,91,37,5,1,15.666666666666666,19.358974358974358,3.7948717948717947,39,7,2,0.04878048780487805
180,1,t&p matrix,False,False,91,38,0,0,40.111111111111114,13.86111111111111,2.2222222222222223,36,7,3,0.07692307692307693
181,1,t&p matrix,False,False,91,39,0,0,27.285714285714285,24.65714285714286,3.142857142857143,35,9,4,0.10256410256410256
182,1,t&p matrix,False,False,91,40,19,3,35.0,32.17948717948718,10.128205128205128,39,7,3,0.07142857142857142
183,1,t&p matrix,False,False,91,41,5,1,54.083333333333336,24.541666666666668,6.916666666666667,24,7,1,0.04
184,1,t&p matrix,False,False,91,42,0,0,67.57894736842105,13.894736842105264,0.0,19,5,1,0.05
185,1,t&p matrix,False,False,91,45,49,4,53.5,18.181818181818183,10.909090909090908,22,5,1,0.043478260869565216
186,1,t&p matrix,False,False,91,46,5,1,46.06060606060606,27.242424242424242,5.696969696969697,33,6,2,0.05714285714285714
187,1,t&p matrix,False,False,91,47,12,2,41.166666666666664,6.266666666666667,11.066666666666666,30,5,1,0.03225806451612903
188,1,t&p matrix,False,False,91,48,4,1,29.0,24.76,6.56,25,5,0,0.0
189,1,t&p matrix,False,False,91,49,0,0,24.85,9.85,15.225,40,8,1,0.024390243902439025
190,1,t&p matrix,False,False,91,50,0,0,31.86046511627907,19.13953488372093,6.883720930232558,43,8,2,0.044444444444444446
191,1,t&p matrix,False,False,91,51,1,1,17.214285714285715,28.333333333333332,6.357142857142857,42,10,2,0.045454545454545456
192,2,t&p matrix,False,True,91,1,1096,47,22.73170731707317,39.68292682926829,28.426829268292682,82,11,0,0.0
193,2,t&p matrix,False,True,91,2,0,0,6.487804878048781,5.390243902439025,28.0,41,5,0,0.0
194,2,t&p matrix,False,True,91,3,0,0,5.515151515151516,33.484848484848484,19.393939393939394,33,6,0,0.0
195,2,t&p matrix,False,True,91,4,6,1,62.44444444444444,18.38888888888889,4.444444444444445,18,3,0,0.0
196,2,t&p matrix,False,True,91,6,0,0,13.425925925925926,20.925925925925927,10.851851851851851,54,8,0,0.0
197,2,t&p matrix,False,True,91,7,0,0,18.676470588235293,38.794117647058826,5.205882352941177,34,6,0,0.0
198,2,t&p matrix,False,True,91,8,0,0,14.96551724137931,30.586206896551722,13.379310344827585,29,5,0,0.0
199,2,t&p matrix,False,True,91,9,0,0,26.6,39.9,17.9,20,5,0,0.0
200,2,t&p matrix,False,True,91,10,0,0,14.795918367346939,12.224489795918368,13.204081632653061,49,8,0,0.0
201,2,t&p matrix,False,True,91,11,0,0,21.147058823529413,32.05882352941177,18.205882352941178,34,8,0,0.0
202,2,t&p matrix,False,True,91,12,0,0,18.454545454545453,19.613636363636363,13.318181818181818,44,7,0,0.0
203,2,t&p matrix,False,True,91,13,0,0,32.193548387096776,24.70967741935484,5.451612903225806,31,5,0,0.0
204,2,t&p matrix,False,True,91,14,0,0,28.772727272727273,18.386363636363637,6.909090909090909,44,7,0,0.0
205,2,t&p matrix,False,True,91,15,0,0,45.06666666666667,11.966666666666667,5.366666666666666,30,6,0,0.0
206,2,t&p matrix,False,True,91,16,0,0,25.512820512820515,18.333333333333332,5.435897435897436,39,6,0,0.0
207,2,t&p matrix,False,True,91,17,0,0,19.38095238095238,16.642857142857142,9.5,42,7,0,0.0
208,2,t&p matrix,False,True,91,18,0,0,1.7959183673469388,20.53061224489796,10.73469387755102,49,7,0,0.0
209,2,t&p matrix,False,True,91,19,0,0,29.161290322580644,17.774193548387096,5.419354838709677,31,7,0,0.0
210,2,t&p matrix,False,True,91,20,0,0,22.541666666666668,10.895833333333334,1.8958333333333333,48,7,0,0.0
211,2,t&p matrix,False,True,91,21,0,0,19.56756756756757,31.54054054054054,8.35135135135135,37,8,0,0.0
212,2,t&p matrix,False,True,91,22,0,0,16.837209302325583,15.744186046511627,6.1395348837209305,43,7,0,0.0
213,2,t&p matrix,False,True,91,23,0,0,57.18181818181818,24.363636363636363,3.8181818181818183,22,5,0,0.0
214,2,t&p matrix,False,True,91,24,0,0,24.84090909090909,9.795454545454545,4.545454545454546,44,7,0,0.0
215,2,t&p matrix,False,True,91,25,0,0,20.70212765957447,20.25531914893617,1.7234042553191489,47,8,0,0.0
216,2,t&p matrix,False,True,91,26,0,0,8.39622641509434,26.735849056603772,6.773584905660377,53,9,0,0.0
217,2,t&p matrix,False,True,91,27,0,0,30.11111111111111,14.25,2.0,36,8,0,0.0
218,2,t&p matrix,False,True,91,28,0,0,21.783783783783782,13.378378378378379,8.432432432432432,37,6,0,0.0
219,2,t&p matrix,False,True,91,29,0,0,45.26315789473684,22.526315789473685,14.210526315789474,19,5,0,0.0
220,2,t&p matrix,False,True,91,30,0,0,67.26666666666667,14.666666666666666,-0.2,30,6,0,0.0
221,2,t&p matrix,False,True,91,31,0,0,64.86666666666666,17.333333333333332,0.0,15,5,0,0.0
222,2,t&p matrix,False,True,91,32,0,0,20.846153846153847,7.538461538461538,4.153846153846154,52,7,0,0.0
223,2,t&p matrix,False,True,91,33,0,0,27.88095238095238,9.928571428571429,0.5714285714285714,42,7,0,0.0
224,2,t&p matrix,False,True,91,34,0,0,29.4,11.15,2.375,40,6,0,0.0
225,2,t&p matrix,False,True,91,35,0,0,24.272727272727273,9.606060606060606,3.484848484848485,33,7,0,0.0
226,2,t&p matrix,False,True,91,36,0,0,31.81081081081081,10.621621621621621,7.621621621621622,37,7,0,0.0
227,2,t&p matrix,False,True,91,37,0,0,20.53846153846154,4.435897435897436,1.435897435897436,39,7,0,0.0
228,2,t&p matrix,False,True,91,38,0,0,41.8421052631579,4.842105263157895,4.2894736842105265,38,7,0,0.0
229,2,t&p matrix,False,True,91,39,0,0,27.761904761904763,5.928571428571429,0.07142857142857142,42,9,0,0.0
230,2,t&p matrix,False,True,91,40,0,0,20.511111111111113,14.555555555555555,2.2,45,7,0,0.0
231,2,t&p matrix,False,True,91,41,0,0,60.29032258064516,8.225806451612904,-0.16129032258064516,31,7,0,0.0
232,2,t&p matrix,False,True,91,42,0,0,79.6,0.0,0.0,20,5,0,0.0
233,2,t&p matrix,False,True,91,45,0,0,24.076923076923077,9.423076923076923,8.26923076923077,26,5,0,0.0
234,2,t&p matrix,False,True,91,46,0,0,35.0,3.6944444444444446,1.8055555555555556,36,6,0,0.0
235,2,t&p matrix,False,True,91,47,0,0,19.060606060606062,11.515151515151516,0.7272727272727273,33,5,0,0.0
236,2,t&p matrix,False,True,91,48,0,0,44.80769230769231,6.730769230769231,1.8846153846153846,26,5,0,0.0
237,2,t&p matrix,False,True,91,49,0,0,25.044444444444444,9.11111111111111,2.1555555555555554,45,8,0,0.0
238,2,t&p matrix,False,True,91,50,0,0,21.488372093023255,17.558139534883722,2.7209302325581395,43,8,0,0.0
239,2,t&p matrix,False,True,91,51,0,0,12.4,13.022222222222222,1.0,45,10,0,0.0
240,2,t&p matrix,False,False,91,1,1067,46,23.3625,39.1125,28.2625,80,11,2,0.024390243902439025
241,2,t&p matrix,False,False,91,2,42,1,4.564102564102564,8.974358974358974,29.076923076923077,39,5,2,0.04878048780487805
242,2,t&p matrix,False,False,91,3,3,1,12.2,24.666666666666668,19.633333333333333,30,6,2,0.0625
243,2,t&p matrix,False,False,91,4,4,1,45.294117647058826,35.411764705882355,4.823529411764706,17,3,3,0.15
244,2,t&p matrix,False,False,91,6,24,3,17.901960784313726,19.294117647058822,12.019607843137255,51,8,2,0.03773584905660377
245,2,t&p matrix,False,False,91,7,1,1,19.272727272727273,38.39393939393939,5.636363636363637,33,6,1,0.029411764705882353
246,2,t&p matrix,False,False,91,8,0,0,12.517241379310345,36.310344827586206,14.03448275862069,29,5,1,0.03333333333333333
247,2,t&p matrix,False,False,91,9,32,1,32.8,35.5,22.3,20,5,0,0.0
248,2,t&p matrix,False,False,91,10,0,0,15.425531914893616,19.53191489361702,10.638297872340425,47,8,2,0.04081632653061224
249,2,t&p matrix,False,False,91,11,0,0,25.03030303030303,27.060606060606062,25.424242424242426,33,8,0,0.0
250,2,t&p matrix,False,False,91,12,0,0,18.88372093023256,23.558139534883722,11.69767441860465,43,7,0,0.0
251,2,t&p matrix,False,False,91,13,0,0,29.193548387096776,24.70967741935484,5.387096774193548,31,5,1,0.03125
252,2,t&p matrix,False,False,91,14,0,0,28.772727272727273,23.272727272727273,6.659090909090909,44,7,1,0.022222222222222223
253,2,t&p matrix,False,False,91,15,9,1,44.06896551724138,12.379310344827585,9.068965517241379,29,6,2,0.06451612903225806
254,2,t&p matrix,False,False,91,16,7,1,33.86486486486486,16.64864864864865,12.594594594594595,37,6,0,0.0
255,2,t&p matrix,False,False,91,17,0,0,18.146341463414632,17.24390243902439,7.219512195121951,41,7,0,0.0
256,2,t&p matrix,False,False,91,18,0,0,1.66,20.0,11.52,50,7,1,0.0196078431372549
257,2,t&p matrix,False,False,91,19,0,0,32.214285714285715,25.928571428571427,3.0,28,7,2,0.06666666666666667
258,2,t&p matrix,False,False,91,20,0,0,27.22222222222222,20.2,9.311111111111112,45,7,0,0.0
259,2,t&p matrix,False,False,91,21,0,0,19.97142857142857,44.457142857142856,13.0,35,8,0,0.0
260,2,t&p matrix,False,False,91,22,0,0,19.16216216216216,39.83783783783784,11.378378378378379,37,7,1,0.02631578947368421
261,2,t&p matrix,False,False,91,23,46,2,52.8235294117647,27.88235294117647,7.411764705882353,17,5,2,0.10526315789473684
262,2,t&p matrix,False,False,91,24,9,3,28.5,4.5476190476190474,13.642857142857142,42,7,2,0.045454545454545456
263,2,t&p matrix,False,False,91,25,3,1,18.071428571428573,8.0,13.166666666666666,42,8,3,0.06666666666666667
264,2,t&p matrix,False,False,91,26,6,2,10.745762711864407,19.74576271186441,3.8983050847457625,59,9,2,0.03278688524590164
265,2,t&p matrix,False,False,91,27,35,2,38.083333333333336,10.61111111111111,2.7222222222222223,36,8,0,0.0
266,2,t&p matrix,False,False,91,28,0,0,23.317073170731707,17.951219512195124,4.439024390243903,41,6,3,0.06818181818181818
267,2,t&p matrix,False,False,91,29,0,0,41.705882352941174,15.352941176470589,20.705882352941178,17,5,1,0.05555555555555555
268,2,t&p matrix,False,False,91,30,0,0,53.76,32.12,3.56,25,6,1,0.038461538461538464
269,2,t&p matrix,False,False,91,31,10,2,67.6,22.1,0.0,20,5,0,0.0
270,2,t&p matrix,False,False,91,32,1,1,29.46511627906977,9.348837209302326,6.069767441860465,43,7,3,0.06521739130434782
271,2,t&p matrix,False,False,91,33,0,0,35.94285714285714,19.514285714285716,2.3142857142857145,35,7,2,0.05405405405405406
272,2,t&p matrix,False,False,91,34,0,0,37.05882352941177,14.676470588235293,3.6176470588235294,34,6,2,0.05555555555555555
273,2,t&p matrix,False,False,91,35,0,0,24.357142857142858,19.714285714285715,5.5,28,7,3,0.0967741935483871
274,2,t&p matrix,False,False,91,36,30,2,35.303030303030305,24.87878787878788,9.848484848484848,33,7,1,0.029411764705882353
275,2,t&p matrix,False,False,91,37,14,3,25.153846153846153,4.564102564102564,5.0256410256410255,39,7,3,0.07142857142857142
276,2,t&p matrix,False,False,91,38,0,0,36.78378378378378,14.378378378378379,5.054054054054054,37,7,1,0.02631578947368421
277,2,t&p matrix,False,False,91,39,0,0,29.324324324324323,12.972972972972974,3.189189189189189,37,9,2,0.05128205128205128
278,2,t&p matrix,False,False,91,40,29,1,22.761904761904763,26.238095238095237,18.69047619047619,42,7,1,0.023255813953488372
279,2,t&p matrix,False,False,91,41,0,0,66.42307692307692,16.423076923076923,3.4615384615384617,26,7,1,0.037037037037037035
280,2,t&p matrix,False,False,91,42,0,0,82.70588235294117,0.0,0.0,17,5,3,0.15
281,2,t&p matrix,False,False,91,45,38,3,52.95238095238095,21.142857142857142,9.571428571428571,21,5,1,0.045454545454545456
282,2,t&p matrix,False,False,91,46,45,1,47.51428571428571,22.685714285714287,3.6,35,6,1,0.027777777777777776
283,2,t&p matrix,False,False,91,47,5,1,21.545454545454547,19.606060606060606,12.393939393939394,33,5,0,0.0
284,2,t&p matrix,False,False,91,48,0,0,50.34782608695652,31.73913043478261,3.869565217391304,23,5,1,0.041666666666666664
285,2,t&p matrix,False,False,91,49,0,0,25.0,19.91891891891892,16.864864864864863,37,8,3,0.075
286,2,t&p matrix,False,False,91,50,4,1,23.642857142857142,29.095238095238095,11.785714285714286,42,8,2,0.045454545454545456
287,2,t&p matrix,False,False,91,51,2,2,20.068181818181817,20.09090909090909,5.340909090909091,44,10,1,0.022222222222222223
288,3,t&p matrix,False,True,91,1,1099,45,29.938271604938272,28.25925925925926,33.19753086419753,81,11,0,0.0
289,3,t&p matrix,False,True,91,2,0,0,2.1951219512195124,8.878048780487806,24.75609756097561,41,5,0,0.0
290,3,t&p matrix,False,True,91,3,0,0,14.0625,27.65625,22.59375,32,6,0,0.0
291,3,t&p matrix,False,True,91,4,0,0,45.10526315789474,25.68421052631579,13.210526315789474,19,3,0,0.0
292,3,t&p matrix,False,True,91,6,0,0,11.641509433962264,19.77358490566038,22.07547169811321,53,8,0,0.0
293,3,t&p matrix,False,True,91,7,0,0,28.375,19.90625,17.96875,32,6,0,0.0
294,3,t&p matrix,False,True,91,8,0,0,26.9,9.066666666666666,20.033333333333335,30,5,0,0.0
295,3,t&p matrix,False,True,91,9,0,0,33.05263157894737,37.1578947368421,18.789473684210527,19,5,0,0.0
296,3,t&p matrix,False,True,91,10,0,0,14.156862745098039,20.392156862745097,4.549019607843137,51,8,0,0.0
297,3,t&p matrix,False,True,91,11,0,0,27.90625,31.84375,19.125,32,8,0,0.0
298,3,t&p matrix,False,True,91,12,0,0,16.25,16.022727272727273,6.9772727272727275,44,7,0,0.0
299,3,t&p matrix,False,True,91,13,0,0,17.35483870967742,16.193548387096776,9.548387096774194,31,5,0,0.0
300,3,t&p matrix,False,True,91,14,0,0,38.93181818181818,17.522727272727273,5.704545454545454,44,7,0,0.0
301,3,t&p matrix,False,True,91,15,0,0,28.34375,19.90625,5.21875,32,6,0,0.0
302,3,t&p matrix,False,True,91,16,0,0,23.02857142857143,30.62857142857143,7.628571428571429,35,6,0,0.0
303,3,t&p matrix,False,True,91,17,0,0,32.8780487804878,18.048780487804876,3.926829268292683,41,7,0,0.0
304,3,t&p matrix,False,True,91,18,0,0,1.1702127659574468,11.170212765957446,15.361702127659575,47,7,0,0.0
305,3,t&p matrix,False,True,91,19,0,0,24.133333333333333,15.066666666666666,23.7,30,7,0,0.0
306,3,t&p matrix,False,True,91,20,0,0,16.26,17.48,4.96,50,7,0,0.0
307,3,t&p matrix,False,True,91,21,0,0,37.611111111111114,23.77777777777778,4.861111111111111,36,8,0,0.0
308,3,t&p matrix,False,True,91,22,0,0,16.347826086956523,15.956521739130435,7.826086956521739,46,7,0,0.0
309,3,t&p matrix,False,True,91,23,0,0,35.30434782608695,23.26086956521739,7.826086956521739,23,5,0,0.0
310,3,t&p matrix,False,True,91,24,0,0,15.875,17.5,4.625,40,7,0,0.0
311,3,t&p matrix,False,True,91,25,0,0,26.40909090909091,14.136363636363637,2.522727272727273,44,8,0,0.0
312,3,t&p matrix,False,True,91,26,0,0,22.818181818181817,16.581818181818182,6.7272727272727275,55,9,0,0.0
313,3,t&p matrix,False,True,91,27,0,0,27.0,18.35135135135135,0.40540540540540543,37,8,0,0.0
314,3,t&p matrix,False,True,91,28,0,0,35.0,16.0,6.804878048780488,41,6,0,0.0
315,3,t&p matrix,False,True,91,29,0,0,62.55,8.75,-0.25,20,5,0,0.0
316,3,t&p matrix,False,True,91,30,0,0,57.6,20.16,3.36,25,6,0,0.0
317,3,t&p matrix,False,True,91,31,0,0,44.31818181818182,12.363636363636363,7.409090909090909,22,5,0,0.0
318,3,t&p matrix,False,True,91,32,0,0,28.704545454545453,10.840909090909092,5.340909090909091,44,7,0,0.0
319,3,t&p matrix,False,True,91,33,0,0,31.113636363636363,9.272727272727273,0.7045454545454546,44,7,0,0.0
320,3,t&p matrix,False,True,91,34,0,0,20.35,10.725,1.9,40,6,0,0.0
321,3,t&p matrix,False,True,91,35,0,0,27.38888888888889,18.5,2.0,36,7,0,0.0
322,3,t&p matrix,False,True,91,36,0,0,27.952380952380953,13.523809523809524,4.214285714285714,42,7,0,0.0
323,3,t&p matrix,False,True,91,37,0,0,14.365853658536585,9.829268292682928,2.073170731707317,41,7,0,0.0
324,3,t&p matrix,False,True,91,38,0,0,27.842105263157894,11.894736842105264,6.0,38,7,0,0.0
325,3,t&p matrix,False,True,91,39,0,0,24.0,11.257142857142858,2.5714285714285716,35,9,0,0.0
326,3,t&p matrix,False,True,91,40,0,0,28.595238095238095,13.595238095238095,1.2142857142857142,42,7,0,0.0
327,3,t&p matrix,False,True,91,41,0,0,50.89655172413793,17.20689655172414,4.931034482758621,29,7,0,0.0
328,3,t&p matrix,False,True,91,42,0,0,65.7,11.75,4.4,20,5,0,0.0
329,3,t&p matrix,False,True,91,45,0,0,31.857142857142858,0.7142857142857143,7.464285714285714,28,5,0,0.0
330,3,t&p matrix,False,True,91,46,0,0,23.789473684210527,12.763157894736842,2.8947368421052633,38,6,0,0.0
331,3,t&p matrix,False,True,91,47,0,0,14.1875,11.5625,0.8125,32,5,0,0.0
332,3,t&p matrix,False,True,91,48,0,0,46.56,7.04,3.8,25,5,0,0.0
333,3,t&p matrix,False,True,91,49,0,0,19.333333333333332,8.384615384615385,4.641025641025641,39,8,0,0.0
334,3,t&p matrix,False,True,91,50,0,0,39.86363636363637,10.340909090909092,1.4090909090909092,44,8,0,0.0
335,3,t&p matrix,False,True,91,51,0,0,23.69047619047619,13.095238095238095,1.0714285714285714,42,10,0,0.0
336,3,t&p matrix,False,False,91,1,1068,45,30.620253164556964,29.037974683544302,32.860759493670884,79,11,2,0.024691358024691357
337,3,t&p matrix,False,False,91,2,42,1,2.1951219512195124,10.170731707317072,26.121951219512194,41,5,1,0.023809523809523808
338,3,t&p matrix,False,False,91,3,0,0,14.516129032258064,24.516129032258064,27.161290322580644,31,6,0,0.0
339,3,t&p matrix,False,False,91,4,0,0,45.10526315789474,23.736842105263158,13.210526315789474,19,3,0,0.0
340,3,t&p matrix,False,False,91,6,0,0,11.040816326530612,22.510204081632654,25.816326530612244,49,8,3,0.057692307692307696
341,3,t&p matrix,False,False,91,7,0,0,29.258064516129032,28.193548387096776,21.903225806451612,31,6,1,0.03125
342,3,t&p matrix,False,False,91,8,0,0,29.071428571428573,18.642857142857142,29.75,28,5,0,0.0
343,3,t&p matrix,False,False,91,9,0,0,35.9,34.75,16.65,20,5,0,0.0
344,3,t&p matrix,False,False,91,10,0,0,16.40909090909091,40.02272727272727,14.0,44,8,2,0.043478260869565216
345,3,t&p matrix,False,False,91,11,28,1,21.634146341463413,17.317073170731707,9.414634146341463,41,8,0,0.0
346,3,t&p matrix,False,False,91,12,0,0,21.170731707317074,7.560975609756097,17.390243902439025,41,7,1,0.023809523809523808
347,3,t&p matrix,False,False,91,13,0,0,21.566666666666666,19.633333333333333,10.8,30,5,1,0.03225806451612903
348,3,t&p matrix,False,False,91,14,0,0,42.5,22.236842105263158,6.5,38,7,2,0.05
349,3,t&p matrix,False,False,91,15,18,1,25.060606060606062,10.93939393939394,8.878787878787879,33,6,0,0.0
350,3,t&p matrix,False,False,91,16,0,0,22.53846153846154,16.0,10.0,39,6,1,0.025
351,3,t&p matrix,False,False,91,17,0,0,31.1,14.525,4.3,40,7,2,0.047619047619047616
352,3,t&p matrix,False,False,91,18,0,0,0.0,11.979166666666666,8.145833333333334,48,7,3,0.058823529411764705
353,3,t&p matrix,False,False,91,19,0,0,22.535714285714285,16.0,28.714285714285715,28,7,1,0.034482758620689655
354,3,t&p matrix,False,False,91,20,0,0,16.295454545454547,14.386363636363637,9.318181818181818,44,7,4,0.08333333333333333
355,3,t&p matrix,False,False,91,21,0,0,38.65714285714286,25.97142857142857,6.057142857142857,35,8,1,0.027777777777777776
356,3,t&p matrix,False,False,91,22,0,0,17.88095238095238,16.976190476190474,6.690476190476191,42,7,5,0.10638297872340426
357,3,t&p matrix,False,False,91,23,8,3,40.473684210526315,33.578947368421055,14.736842105263158,19,5,1,0.05
358,3,t&p matrix,False,False,91,24,6,3,22.157894736842106,17.210526315789473,6.0,38,7,2,0.05
359,3,t&p matrix,False,False,91,25,7,1,25.302325581395348,15.534883720930232,5.069767441860465,43,8,2,0.044444444444444446
360,3,t&p matrix,False,False,91,26,0,0,20.92452830188679,34.20754716981132,8.264150943396226,53,9,1,0.018518518518518517
361,3,t&p matrix,False,False,91,27,0,0,36.64705882352941,33.294117647058826,1.2352941176470589,34,8,2,0.05555555555555555
362,3,t&p matrix,False,False,91,28,0,0,37.21951219512195,7.926829268292683,5.463414634146342,41,6,2,0.046511627906976744
363,3,t&p matrix,False,False,91,29,0,0,73.11764705882354,10.294117647058824,5.294117647058823,17,5,1,0.05555555555555555
364,3,t&p matrix,False,False,91,30,1,1,58.72,18.32,3.76,25,6,1,0.038461538461538464
365,3,t&p matrix,False,False,91,31,0,0,51.44444444444444,14.833333333333334,14.777777777777779,18,5,1,0.05263157894736842
366,3,t&p matrix,False,False,91,32,1,1,25.955555555555556,9.28888888888889,7.822222222222222,45,7,2,0.0425531914893617
367,3,t&p matrix,False,False,91,33,0,0,30.977272727272727,13.340909090909092,4.2272727272727275,44,7,1,0.022222222222222223
368,3,t&p matrix,False,False,91,34,98,1,25.71794871794872,11.564102564102564,8.743589743589743,39,6,1,0.025
369,3,t&p matrix,False,False,91,35,5,1,27.457142857142856,18.742857142857144,4.457142857142857,35,7,0,0.0
370,3,t&p matrix,False,False,91,36,0,0,27.372093023255815,17.74418604651163,5.837209302325581,43,7,2,0.044444444444444446
371,3,t&p matrix,False,False,91,37,0,0,10.975609756097562,20.75609756097561,3.024390243902439,41,7,1,0.023809523809523808
372,3,t&p matrix,False,False,91,38,0,0,24.054054054054053,21.64864864864865,4.783783783783784,37,7,2,0.05128205128205128
373,3,t&p matrix,False,False,91,39,5,1,20.333333333333332,22.02777777777778,7.25,36,9,2,0.05263157894736842
374,3,t&p matrix,False,False,91,40,5,1,33.36585365853659,18.024390243902438,11.073170731707316,41,7,2,0.046511627906976744
375,3,t&p matrix,False,False,91,41,0,0,48.53846153846154,29.307692307692307,6.269230769230769,26,7,0,0.0
376,3,t&p matrix,False,False,91,42,0,0,66.85714285714286,11.80952380952381,4.190476190476191,21,5,0,0.0
377,3,t&p matrix,False,False,91,45,0,0,39.24,17.6,8.48,25,5,0,0.0
378,3,t&p matrix,False,False,91,46,0,0,28.864864864864863,22.324324324324323,8.324324324324325,37,6,0,0.0
379,3,t&p matrix,False,False,91,47,0,0,18.233333333333334,12.466666666666667,8.933333333333334,30,5,2,0.0625
380,3,t&p matrix,False,False,91,48,0,0,48.5,13.416666666666666,10.083333333333334,24,5,0,0.0
381,3,t&p matrix,False,False,91,49,0,0,19.05263157894737,8.973684210526315,15.947368421052632,38,8,1,0.02564102564102564
382,3,t&p matrix,False,False,91,50,4,1,45.023809523809526,13.285714285714286,3.380952380952381,42,8,1,0.023255813953488372
383,3,t&p matrix,False,False,91,51,0,0,23.738095238095237,17.952380952380953,3.5714285714285716,42,10,0,0.0
384,4,t&p matrix,False,True,91,1,1084,44,25.77777777777778,22.567901234567902,42.160493827160494,81,11,0,0.0
385,4,t&p matrix,False,True,91,2,0,0,6.536585365853658,4.682926829268292,21.097560975609756,41,5,0,0.0
386,4,t&p matrix,False,True,91,3,0,0,16.1875,32.5625,23.90625,32,6,0,0.0
387,4,t&p matrix,False,True,91,4,37,1,54.94117647058823,18.764705882352942,9.647058823529411,17,3,0,0.0
388,4,t&p matrix,False,True,91,6,0,0,10.703703703703704,19.12962962962963,19.90740740740741,54,8,0,0.0
389,4,t&p matrix,False,True,91,7,0,0,17.5,31.833333333333332,12.5,36,6,0,0.0
390,4,t&p matrix,False,True,91,8,0,0,20.6,18.833333333333332,25.1,30,5,0,0.0
391,4,t&p matrix,False,True,91,9,0,0,30.85,26.65,31.15,20,5,0,0.0
392,4,t&p matrix,False,True,91,10,0,0,12.7,16.3,9.6,50,8,0,0.0
393,4,t&p matrix,False,True,91,11,0,0,30.060606060606062,26.333333333333332,9.303030303030303,33,8,0,0.0
394,4,t&p matrix,False,True,91,12,0,0,20.790697674418606,12.720930232558139,18.186046511627907,43,7,0,0.0
395,4,t&p matrix,False,True,91,13,0,0,30.3125,10.6875,10.53125,32,5,0,0.0
396,4,t&p matrix,False,True,91,14,0,0,12.511627906976743,35.372093023255815,7.5813953488372094,43,7,0,0.0
397,4,t&p matrix,False,True,91,15,0,0,32.96666666666667,15.066666666666666,11.8,30,6,0,0.0
398,4,t&p matrix,False,True,91,16,0,0,36.666666666666664,18.025641025641026,2.769230769230769,39,6,0,0.0
399,4,t&p matrix,False,True,91,17,0,0,24.195121951219512,19.390243902439025,6.2439024390243905,41,7,0,0.0
400,4,t&p matrix,False,True,91,18,0,0,0.0,21.244444444444444,9.244444444444444,45,7,0,0.0
401,4,t&p matrix,False,True,91,19,0,0,37.483870967741936,14.870967741935484,2.3225806451612905,31,7,0,0.0
402,4,t&p matrix,False,True,91,20,0,0,7.333333333333333,17.229166666666668,3.3125,48,7,0,0.0
403,4,t&p matrix,False,True,91,21,0,0,37.08108108108108,27.756756756756758,-0.24324324324324326,37,8,0,0.0
404,4,t&p matrix,False,True,91,22,0,0,18.644444444444446,17.42222222222222,2.2222222222222223,45,7,0,0.0
405,4,t&p matrix,False,True,91,23,0,0,49.18181818181818,24.363636363636363,3.9545454545454546,22,5,0,0.0
406,4,t&p matrix,False,True,91,24,0,0,19.54054054054054,17.783783783783782,9.027027027027026,37,7,0,0.0
407,4,t&p matrix,False,True,91,25,0,0,19.64,13.6,0.12,50,8,0,0.0
408,4,t&p matrix,False,True,91,26,0,0,30.678571428571427,18.5,1.5535714285714286,56,9,0,0.0
409,4,t&p matrix,False,True,91,27,0,0,28.63157894736842,16.44736842105263,6.368421052631579,38,8,0,0.0
410,4,t&p matrix,False,True,91,28,0,0,37.58139534883721,16.953488372093023,-0.32558139534883723,43,6,0,0.0
411,4,t&p matrix,False,True,91,29,0,0,49.1,13.4,8.45,20,5,0,0.0
412,4,t&p matrix,False,True,91,30,0,0,50.5,15.785714285714286,2.892857142857143,28,6,0,0.0
413,4,t&p matrix,False,True,91,31,0,0,46.95238095238095,21.714285714285715,5.0476190476190474,21,5,0,0.0
414,4,t&p matrix,False,True,91,32,0,0,24.568181818181817,8.590909090909092,5.181818181818182,44,7,0,0.0
415,4,t&p matrix,False,True,91,33,0,0,22.58695652173913,9.891304347826088,-0.21739130434782608,46,7,0,0.0
416,4,t&p matrix,False,True,91,34,0,0,33.88095238095238,12.571428571428571,1.7380952380952381,42,6,0,0.0
417,4,t&p matrix,False,True,91,35,0,0,21.56756756756757,15.64864864864865,-0.40540540540540543,37,7,0,0.0
418,4,t&p matrix,False,True,91,36,0,0,18.525,14.25,3.6,40,7,0,0.0
419,4,t&p matrix,False,True,91,37,0,0,11.975,5.45,-0.725,40,7,0,0.0
420,4,t&p matrix,False,True,91,38,0,0,38.416666666666664,14.027777777777779,2.1666666666666665,36,7,0,0.0
421,4,t&p matrix,False,True,91,39,0,0,23.710526315789473,6.7894736842105265,-0.05263157894736842,38,9,0,0.0
422,4,t&p matrix,False,True,91,40,0,0,32.84782608695652,8.065217391304348,-0.782608695652174,46,7,0,0.0
423,4,t&p matrix,False,True,91,41,0,0,64.74074074074075,11.74074074074074,-0.1111111111111111,27,7,0,0.0
424,4,t&p matrix,False,True,91,42,0,0,74.11111111111111,9.833333333333334,0.0,18,5,0,0.0
425,4,t&p matrix,False,True,91,45,0,0,34.30769230769231,3.423076923076923,6.8076923076923075,26,5,0,0.0
426,4,t&p matrix,False,True,91,46,0,0,32.333333333333336,4.888888888888889,3.9166666666666665,36,6,0,0.0
427,4,t&p matrix,False,True,91,47,0,0,23.833333333333332,8.266666666666667,0.9,30,5,0,0.0
428,4,t&p matrix,False,True,91,48,0,0,35.44,9.08,0.24,25,5,0,0.0
429,4,t&p matrix,False,True,91,49,0,0,18.075,5.5,4.9,40,8,0,0.0
430,4,t&p matrix,False,True,91,50,0,0,19.25531914893617,12.53191489361702,4.382978723404255,47,8,0,0.0
431,4,t&p matrix,False,True,91,51,0,0,24.0,10.851063829787234,1.6808510638297873,47,10,0,0.0
432,4,t&p matrix,False,False,91,1,1096,46,26.962962962962962,23.37037037037037,41.666666666666664,81,11,0,0.0
433,4,t&p matrix,False,False,91,2,0,0,6.536585365853658,3.951219512195122,21.73170731707317,41,5,0,0.0
434,4,t&p matrix,False,False,91,3,0,0,13.84375,27.4375,24.28125,32,6,1,0.030303030303030304
435,4,t&p matrix,False,False,91,4,0,0,42.578947368421055,22.0,12.947368421052632,19,3,0,0.0
436,4,t&p matrix,False,False,91,6,2,1,12.7,18.02,22.46,50,8,1,0.0196078431372549
437,4,t&p matrix,False,False,91,7,6,2,19.71875,36.4375,14.03125,32,6,1,0.030303030303030304
438,4,t&p matrix,False,False,91,8,0,0,16.77777777777778,17.25925925925926,22.296296296296298,27,5,2,0.06896551724137931
439,4,t&p matrix,False,False,91,9,11,3,29.916666666666668,26.291666666666668,18.333333333333332,24,5,0,0.0
440,4,t&p matrix,False,False,91,10,3,2,15.688888888888888,18.133333333333333,12.2,45,8,1,0.021739130434782608
441,4,t&p matrix,False,False,91,11,3,2,33.55172413793103,33.89655172413793,6.344827586206897,29,8,3,0.09375
442,4,t&p matrix,False,False,91,12,2,1,21.951219512195124,12.512195121951219,16.121951219512194,41,7,4,0.08888888888888889
443,4,t&p matrix,False,False,91,13,16,2,30.466666666666665,17.266666666666666,13.766666666666667,30,5,2,0.0625
444,4,t&p matrix,False,False,91,14,12,2,12.674418604651162,34.372093023255815,10.255813953488373,43,7,1,0.022727272727272728
445,4,t&p matrix,False,False,91,15,6,1,31.379310344827587,15.551724137931034,15.413793103448276,29,6,1,0.03333333333333333
446,4,t&p matrix,False,False,91,16,0,0,41.142857142857146,18.17142857142857,2.914285714285714,35,6,4,0.10256410256410256
447,4,t&p matrix,False,False,91,17,6,1,33.91891891891892,20.027027027027028,5.378378378378378,37,7,3,0.075
448,4,t&p matrix,False,False,91,18,32,3,3.9591836734693877,12.714285714285714,18.346938775510203,49,7,0,0.0
449,4,t&p matrix,False,False,91,19,0,0,28.8125,21.15625,2.28125,32,7,0,0.0
450,4,t&p matrix,False,False,91,20,0,0,9.361702127659575,21.25531914893617,8.574468085106384,47,7,0,0.0
451,4,t&p matrix,False,False,91,21,0,0,36.432432432432435,29.43243243243243,-0.21621621621621623,37,8,0,0.0
452,4,t&p matrix,False,False,91,22,0,0,20.25,19.068181818181817,4.318181818181818,44,7,0,0.0
453,4,t&p matrix,False,False,91,23,0,0,52.31578947368421,28.263157894736842,4.7894736842105265,19,5,2,0.09523809523809523
454,4,t&p matrix,False,False,91,24,3,2,22.555555555555557,18.583333333333332,11.0,36,7,3,0.07692307692307693
455,4,t&p matrix,False,False,91,25,1,1,19.19148936170213,21.4468085106383,2.0425531914893615,47,8,0,0.0
456,4,t&p matrix,False,False,91,26,0,0,27.69090909090909,16.8,2.2181818181818183,55,9,0,0.0
457,4,t&p matrix,False,False,91,27,0,0,31.783783783783782,16.43243243243243,6.297297297297297,37,8,0,0.0
458,4,t&p matrix,False,False,91,28,0,0,34.38095238095238,17.857142857142858,4.333333333333333,42,6,1,0.023255813953488372
459,4,t&p matrix,False,False,91,29,0,0,51.65,30.7,4.4,20,5,1,0.047619047619047616
460,4,t&p matrix,False,False,91,30,0,0,57.44,24.88,3.84,25,6,1,0.038461538461538464
461,4,t&p matrix,False,False,91,31,14,2,54.45,26.7,8.85,20,5,0,0.0
462,4,t&p matrix,False,False,91,32,1,1,25.976190476190474,19.238095238095237,6.023809523809524,42,7,3,0.06666666666666667
463,4,t&p matrix,False,False,91,33,2,1,24.341463414634145,19.097560975609756,1.8780487804878048,41,7,2,0.046511627906976744
464,4,t&p matrix,False,False,91,34,0,0,33.48571428571429,13.857142857142858,3.8,35,6,5,0.125
465,4,t&p matrix,False,False,91,35,10,2,26.864864864864863,22.027027027027028,6.243243243243243,37,7,1,0.02631578947368421
466,4,t&p matrix,False,False,91,36,0,0,19.0,22.372093023255815,5.232558139534884,43,7,1,0.022727272727272728
467,4,t&p matrix,False,False,91,37,0,0,16.68421052631579,10.631578947368421,-0.21052631578947367,38,7,3,0.07317073170731707
468,4,t&p matrix,False,False,91,38,0,0,31.735294117647058,7.970588235294118,8.529411764705882,34,7,3,0.08108108108108109
469,4,t&p matrix,False,False,91,39,3,1,27.08108108108108,18.54054054054054,2.108108108108108,37,9,3,0.075
470,4,t&p matrix,False,False,91,40,0,0,30.615384615384617,41.15384615384615,-0.358974358974359,39,7,3,0.07142857142857142
471,4,t&p matrix,False,False,91,41,4,1,68.89285714285714,14.25,0.0,28,7,0,0.0
472,4,t&p matrix,False,False,91,42,0,0,73.1875,11.0,0.0,16,5,1,0.058823529411764705
473,4,t&p matrix,False,False,91,45,16,3,57.63636363636363,16.40909090909091,4.7272727272727275,22,5,0,0.0
474,4,t&p matrix,False,False,91,46,0,0,39.638888888888886,9.805555555555555,5.777777777777778,36,6,1,0.02702702702702703
475,4,t&p matrix,False,False,91,47,0,0,32.78787878787879,13.0,4.878787878787879,33,5,0,0.0
476,4,t&p matrix,False,False,91,48,0,0,44.18181818181818,16.227272727272727,7.818181818181818,22,5,1,0.043478260869565216
477,4,t&p matrix,False,False,91,49,2,1,23.125,9.95,9.825,40,8,2,0.047619047619047616
478,4,t&p matrix,False,False,91,50,0,0,21.046511627906977,16.953488372093023,7.604651162790698,43,8,2,0.044444444444444446
479,4,t&p matrix,False,False,91,51,13,2,34.16279069767442,12.418604651162791,2.9302325581395348,43,10,2,0.044444444444444446
480,5,t&p matrix,False,True,91,1,1057,44,20.80246913580247,30.234567901234566,38.592592592592595,81,11,0,0.0
481,5,t&p matrix,False,True,91,2,0,0,4.390243902439025,7.121951219512195,25.73170731707317,41,5,0,0.0
482,5,t&p matrix,False,True,91,3,0,0,22.322580645161292,22.677419354838708,13.193548387096774,31,6,0,0.0
483,5,t&p matrix,False,True,91,4,71,2,69.89473684210526,13.0,5.157894736842105,19,3,0,0.0
484,5,t&p matrix,False,True,91,6,0,0,19.69090909090909,19.254545454545454,14.163636363636364,55,8,0,0.0
485,5,t&p matrix,False,True,91,7,0,0,41.39393939393939,24.424242424242426,2.484848484848485,33,6,0,0.0
486,5,t&p matrix,False,True,91,8,0,0,20.9,34.5,7.3,30,5,0,0.0
487,5,t&p matrix,False,True,91,9,0,0,46.89473684210526,14.052631578947368,28.0,19,5,0,0.0
488,5,t&p matrix,False,True,91,10,0,0,14.857142857142858,9.10204081632653,14.408163265306122,49,8,0,0.0
489,5,t&p matrix,False,True,91,11,0,0,37.303030303030305,16.636363636363637,9.393939393939394,33,8,0,0.0
490,5,t&p matrix,False,True,91,12,0,0,24.363636363636363,17.022727272727273,4.545454545454546,44,7,0,0.0
491,5,t&p matrix,False,True,91,13,0,0,28.612903225806452,26.322580645161292,3.6451612903225805,31,5,0,0.0
492,5,t&p matrix,False,True,91,14,0,0,20.11111111111111,21.11111111111111,8.444444444444445,45,7,0,0.0
493,5,t&p matrix,False,True,91,15,0,0,47.93333333333333,20.966666666666665,2.6666666666666665,30,6,0,0.0
494,5,t&p matrix,False,True,91,16,0,0,28.57894736842105,12.263157894736842,9.973684210526315,38,6,0,0.0
495,5,t&p matrix,False,True,91,17,0,0,17.317073170731707,20.51219512195122,9.146341463414634,41,7,0,0.0
496,5,t&p matrix,False,True,91,18,0,0,1.9090909090909092,22.5,17.227272727272727,44,7,0,0.0
497,5,t&p matrix,False,True,91,19,0,0,42.21875,11.15625,5.1875,32,7,0,0.0
498,5,t&p matrix,False,True,91,20,0,0,12.66,11.36,3.24,50,7,0,0.0
499,5,t&p matrix,False,True,91,21,0,0,34.888888888888886,22.555555555555557,7.361111111111111,36,8,0,0.0
500,5,t&p matrix,False,True,91,22,0,0,25.41304347826087,6.239130434782608,2.0869565217391304,46,7,0,0.0
501,5,t&p matrix,False,True,91,23,0,0,55.523809523809526,21.38095238095238,-0.2857142857142857,21,5,0,0.0
502,5,t&p matrix,False,True,91,24,0,0,27.375,16.475,1.9,40,7,0,0.0
503,5,t&p matrix,False,True,91,25,0,0,23.19148936170213,22.659574468085108,2.723404255319149,47,8,0,0.0
504,5,t&p matrix,False,True,91,26,0,0,21.685185185185187,21.796296296296298,6.166666666666667,54,9,0,0.0
505,5,t&p matrix,False,True,91,27,0,0,34.44117647058823,10.264705882352942,3.5588235294117645,34,8,0,0.0
506,5,t&p matrix,False,True,91,28,0,0,28.170731707317074,18.390243902439025,2.317073170731707,41,6,0,0.0
507,5,t&p matrix,False,True,91,29,0,0,62.94117647058823,15.470588235294118,5.352941176470588,17,5,0,0.0
508,5,t&p matrix,False,True,91,30,0,0,59.629629629629626,12.407407407407407,9.62962962962963,27,6,0,0.0
509,5,t&p matrix,False,True,91,31,0,0,56.63636363636363,12.227272727272727,0.22727272727272727,22,5,0,0.0
510,5,t&p matrix,False,True,91,32,0,0,18.34090909090909,10.863636363636363,6.681818181818182,44,7,0,0.0
511,5,t&p matrix,False,True,91,33,0,0,29.3953488372093,8.906976744186046,0.37209302325581395,43,7,0,0.0
512,5,t&p matrix,False,True,91,34,0,0,13.78048780487805,14.268292682926829,3.8780487804878048,41,6,0,0.0
513,5,t&p matrix,False,True,91,35,0,0,25.852941176470587,12.117647058823529,0.8235294117647058,34,7,0,0.0
514,5,t&p matrix,False,True,91,36,0,0,31.29268292682927,18.951219512195124,2.024390243902439,41,7,0,0.0
515,5,t&p matrix,False,True,91,37,0,0,20.75609756097561,4.048780487804878,-0.3902439024390244,41,7,0,0.0
516,5,t&p matrix,False,True,91,38,0,0,38.67567567567568,12.027027027027026,1.972972972972973,37,7,0,0.0
517,5,t&p matrix,False,True,91,39,0,0,39.725,4.475,1.1,40,9,0,0.0
518,5,t&p matrix,False,True,91,40,0,0,25.142857142857142,14.476190476190476,-0.023809523809523808,42,7,0,0.0
519,5,t&p matrix,False,True,91,41,0,0,54.892857142857146,17.071428571428573,-0.21428571428571427,28,7,0,0.0
520,5,t&p matrix,False,True,91,42,0,0,81.52380952380952,3.8095238095238093,0.0,21,5,0,0.0
521,5,t&p matrix,False,True,91,45,0,0,31.821428571428573,2.5714285714285716,5.321428571428571,28,5,0,0.0
522,5,t&p matrix,False,True,91,46,0,0,39.833333333333336,10.166666666666666,2.4166666666666665,36,6,0,0.0
523,5,t&p matrix,False,True,91,47,0,0,27.066666666666666,4.966666666666667,3.433333333333333,30,5,0,0.0
524,5,t&p matrix,False,True,91,48,0,0,23.296296296296298,6.814814814814815,3.3333333333333335,27,5,0,0.0
525,5,t&p matrix,False,True,91,49,0,0,29.05128205128205,11.487179487179487,1.4615384615384615,39,8,0,0.0
526,5,t&p matrix,False,True,91,50,0,0,25.52173913043478,18.869565217391305,0.17391304347826086,46,8,0,0.0
527,5,t&p matrix,False,True,91,51,0,0,22.613636363636363,11.318181818181818,-0.2727272727272727,44,10,0,0.0
528,5,t&p matrix,False,False,91,1,1034,44,22.949367088607595,31.025316455696203,34.924050632911396,79,11,2,0.024691358024691357
529,5,t&p matrix,False,False,91,2,42,1,4.615384615384615,7.615384615384615,27.71794871794872,39,5,3,0.07142857142857142
530,5,t&p matrix,False,False,91,3,0,0,19.93548387096774,28.387096774193548,15.516129032258064,31,6,1,0.03125
531,5,t&p matrix,False,False,91,4,0,0,56.529411764705884,11.411764705882353,10.352941176470589,17,3,3,0.15
532,5,t&p matrix,False,False,91,6,92,4,25.7,11.1,19.58,50,8,1,0.0196078431372549
533,5,t&p matrix,False,False,91,7,0,0,48.1875,28.125,2.71875,32,6,0,0.0
534,5,t&p matrix,False,False,91,8,0,0,23.566666666666666,30.2,9.2,30,5,1,0.03225806451612903
535,5,t&p matrix,False,False,91,9,2,1,35.05,21.6,31.45,20,5,0,0.0
536,5,t&p matrix,False,False,91,10,4,3,19.7,14.9,12.38,50,8,2,0.038461538461538464
537,5,t&p matrix,False,False,91,11,0,0,37.193548387096776,18.0,9.193548387096774,31,8,1,0.03125
538,5,t&p matrix,False,False,91,12,0,0,25.523809523809526,13.976190476190476,5.833333333333333,42,7,2,0.045454545454545456
539,5,t&p matrix,False,False,91,13,5,1,23.933333333333334,33.36666666666667,5.2,30,5,0,0.0
540,5,t&p matrix,False,False,91,14,0,0,17.682926829268293,20.195121951219512,14.0,41,7,4,0.08888888888888889
541,5,t&p matrix,False,False,91,15,18,7,56.96296296296296,26.88888888888889,6.7407407407407405,27,6,2,0.06896551724137931
542,5,t&p matrix,False,False,91,16,0,0,32.473684210526315,18.710526315789473,10.921052631578947,38,6,0,0.0
543,5,t&p matrix,False,False,91,17,0,0,12.342105263157896,19.789473684210527,11.289473684210526,38,7,5,0.11627906976744186
544,5,t&p matrix,False,False,91,18,39,2,4.702127659574468,14.106382978723405,18.46808510638298,47,7,2,0.04081632653061224
545,5,t&p matrix,False,False,91,19,0,0,36.13333333333333,15.7,3.066666666666667,30,7,2,0.0625
546,5,t&p matrix,False,False,91,20,7,2,21.0,15.1875,4.875,48,7,1,0.02040816326530612
547,5,t&p matrix,False,False,91,21,0,0,31.735294117647058,29.176470588235293,10.735294117647058,34,8,2,0.05555555555555555
548,5,t&p matrix,False,False,91,22,0,0,27.023255813953487,10.093023255813954,4.558139534883721,43,7,4,0.0851063829787234
549,5,t&p matrix,False,False,91,23,4,3,53.7,27.25,4.5,20,5,1,0.047619047619047616
550,5,t&p matrix,False,False,91,24,2,2,35.333333333333336,18.666666666666668,3.5555555555555554,36,7,2,0.05263157894736842
551,5,t&p matrix,False,False,91,25,0,0,21.046511627906977,17.697674418604652,6.72093023255814,43,8,5,0.10416666666666667
552,5,t&p matrix,False,False,91,26,0,0,23.07843137254902,26.176470588235293,8.529411764705882,51,9,3,0.05555555555555555
553,5,t&p matrix,False,False,91,27,2,1,38.18181818181818,12.878787878787879,1.2121212121212122,33,8,2,0.05714285714285714
554,5,t&p matrix,False,False,91,28,0,0,34.02857142857143,28.771428571428572,10.457142857142857,35,6,2,0.05405405405405406
555,5,t&p matrix,False,False,91,29,0,0,77.4,11.933333333333334,0.0,15,5,2,0.11764705882352941
556,5,t&p matrix,False,False,91,30,0,0,57.72,18.0,10.68,25,6,3,0.10714285714285714
557,5,t&p matrix,False,False,91,31,13,1,47.35294117647059,31.88235294117647,7.294117647058823,17,5,4,0.19047619047619047
558,5,t&p matrix,False,False,91,32,40,11,35.416666666666664,17.88888888888889,14.5,36,7,1,0.02702702702702703
559,5,t&p matrix,False,False,91,33,0,0,31.55,19.5,3.325,40,7,1,0.024390243902439025
560,5,t&p matrix,False,False,91,34,85,1,19.547619047619047,13.19047619047619,12.023809523809524,42,6,1,0.023255813953488372
561,5,t&p matrix,False,False,91,35,0,0,18.457142857142856,14.4,9.657142857142857,35,7,1,0.027777777777777776
562,5,t&p matrix,False,False,91,36,4,1,31.625,36.175,2.2,40,7,1,0.024390243902439025
563,5,t&p matrix,False,False,91,37,0,0,19.05263157894737,8.210526315789474,5.052631578947368,38,7,3,0.07317073170731707
564,5,t&p matrix,False,False,91,38,0,0,38.31428571428572,25.285714285714285,5.6,35,7,2,0.05405405405405406
565,5,t&p matrix,False,False,91,39,0,0,33.523809523809526,23.61904761904762,0.11904761904761904,42,9,1,0.023255813953488372
566,5,t&p matrix,False,False,91,40,15,1,35.1219512195122,33.09756097560975,8.609756097560975,41,7,3,0.06818181818181818
567,5,t&p matrix,False,False,91,41,2,1,61.791666666666664,21.125,3.0833333333333335,24,7,2,0.07692307692307693
568,5,t&p matrix,False,False,91,42,7,1,85.78947368421052,0.0,0.0,19,5,1,0.05
569,5,t&p matrix,False,False,91,45,59,4,51.86363636363637,14.409090909090908,10.727272727272727,22,5,0,0.0
570,5,t&p matrix,False,False,91,46,0,0,43.11764705882353,23.323529411764707,7.235294117647059,34,6,2,0.05555555555555555
571,5,t&p matrix,False,False,91,47,3,1,33.44444444444444,22.333333333333332,9.0,27,5,3,0.1
572,5,t&p matrix,False,False,91,48,19,2,31.083333333333332,22.083333333333332,16.583333333333332,24,5,0,0.0
573,5,t&p matrix,False,False,91,49,0,0,25.833333333333332,8.976190476190476,14.071428571428571,42,8,1,0.023255813953488372
574,5,t&p matrix,False,False,91,50,0,0,31.232558139534884,29.697674418604652,9.837209302325581,43,8,0,0.0
575,5,t&p matrix,False,False,91,51,0,0,23.0,28.195121951219512,11.365853658536585,41,10,1,0.023809523809523808
576,6,t&p matrix,False,True,91,1,1099,45,25.146341463414632,26.414634146341463,37.073170731707314,82,11,0,0.0
577,6,t&p matrix,False,True,91,2,0,0,0.0,16.9,20.375,40,5,0,0.0
578,6,t&p matrix,False,True,91,3,0,0,2.53125,36.6875,24.125,32,6,0,0.0
579,6,t&p matrix,False,True,91,4,0,0,24.470588235294116,37.35294117647059,19.647058823529413,17,3,0,0.0
580,6,t&p matrix,False,True,91,6,0,0,23.791666666666668,25.145833333333332,23.583333333333332,48,8,0,0.0
581,6,t&p matrix,False,True,91,7,0,0,25.742857142857144,23.34285714285714,11.942857142857143,35,6,0,0.0
582,6,t&p matrix,False,True,91,8,0,0,16.90625,16.5,16.625,32,5,0,0.0
583,6,t&p matrix,False,True,91,9,0,0,54.857142857142854,31.952380952380953,0.0,21,5,0,0.0
584,6,t&p matrix,False,True,91,10,0,0,17.32,20.1,7.4,50,8,0,0.0
585,6,t&p matrix,False,True,91,11,0,0,40.457142857142856,16.97142857142857,3.3714285714285714,35,8,0,0.0
586,6,t&p matrix,False,True,91,12,0,0,22.837209302325583,11.279069767441861,10.465116279069768,43,7,0,0.0
587,6,t&p matrix,False,True,91,13,0,0,17.483870967741936,19.612903225806452,15.516129032258064,31,5,0,0.0
588,6,t&p matrix,False,True,91,14,0,0,23.977777777777778,19.177777777777777,10.28888888888889,45,7,0,0.0
589,6,t&p matrix,False,True,91,15,0,0,39.83870967741935,21.838709677419356,2.6451612903225805,31,6,0,0.0
590,6,t&p matrix,False,True,91,16,0,0,22.72972972972973,26.91891891891892,5.405405405405405,37,6,0,0.0
591,6,t&p matrix,False,True,91,17,0,0,19.4390243902439,17.4390243902439,6.097560975609756,41,7,0,0.0
592,6,t&p matrix,False,True,91,18,0,0,0.22448979591836735,18.632653061224488,5.122448979591836,49,7,0,0.0
593,6,t&p matrix,False,True,91,19,0,0,27.35483870967742,29.129032258064516,2.5483870967741935,31,7,0,0.0
594,6,t&p matrix,False,True,91,20,0,0,23.019607843137255,10.372549019607844,1.5098039215686274,51,7,0,0.0
595,6,t&p matrix,False,True,91,21,0,0,27.916666666666668,37.388888888888886,4.694444444444445,36,8,0,0.0
596,6,t&p matrix,False,True,91,22,0,0,27.933333333333334,11.955555555555556,4.177777777777778,45,7,0,0.0
597,6,t&p matrix,False,True,91,23,0,0,46.91304347826087,15.652173913043478,11.130434782608695,23,5,0,0.0
598,6,t&p matrix,False,True,91,24,0,0,20.225,18.625,1.375,40,7,0,0.0
599,6,t&p matrix,False,True,91,25,0,0,19.354166666666668,17.291666666666668,1.6666666666666667,48,8,0,0.0
600,6,t&p matrix,False,True,91,26,0,0,19.490909090909092,27.2,5.763636363636364,55,9,0,0.0
601,6,t&p matrix,False,True,91,27,0,0,20.871794871794872,18.46153846153846,1.641025641025641,39,8,0,0.0
602,6,t&p matrix,False,True,91,28,0,0,30.25,14.9,5.025,40,6,0,0.0
603,6,t&p matrix,False,True,91,29,0,0,43.55,30.6,-0.35,20,5,0,0.0
604,6,t&p matrix,False,True,91,30,0,0,37.76923076923077,27.76923076923077,6.846153846153846,26,6,0,0.0
605,6,t&p matrix,False,True,91,31,0,0,62.4,17.7,0.05,20,5,0,0.0
606,6,t&p matrix,False,True,91,32,0,0,30.11904761904762,3.9285714285714284,3.738095238095238,42,7,0,0.0
607,6,t&p matrix,False,True,91,33,0,0,17.142857142857142,12.738095238095237,2.0476190476190474,42,7,0,0.0
608,6,t&p matrix,False,True,91,34,0,0,10.58974358974359,11.64102564102564,4.230769230769231,39,6,0,0.0
609,6,t&p matrix,False,True,91,35,0,0,28.6,13.285714285714286,1.8285714285714285,35,7,0,0.0
610,6,t&p matrix,False,True,91,36,0,0,34.214285714285715,12.333333333333334,3.738095238095238,42,7,0,0.0
611,6,t&p matrix,False,True,91,37,0,0,20.31578947368421,9.447368421052632,4.105263157894737,38,7,0,0.0
612,6,t&p matrix,False,True,91,38,0,0,23.605263157894736,11.157894736842104,2.1315789473684212,38,7,0,0.0
613,6,t&p matrix,False,True,91,39,0,0,27.846153846153847,9.256410256410257,3.7948717948717947,39,9,0,0.0
614,6,t&p matrix,False,True,91,40,0,0,25.925,13.275,2.575,40,7,0,0.0
615,6,t&p matrix,False,True,91,41,0,0,52.78787878787879,5.454545454545454,2.0,33,7,0,0.0
616,6,t&p matrix,False,True,91,42,0,0,64.15,13.1,4.4,20,5,0,0.0
617,6,t&p matrix,False,True,91,45,0,0,13.296296296296296,18.444444444444443,3.074074074074074,27,5,0,0.0
618,6,t&p matrix,False,True,91,46,0,0,28.13157894736842,12.657894736842104,2.526315789473684,38,6,0,0.0
619,6,t&p matrix,False,True,91,47,0,0,36.84375,4.84375,2.65625,32,5,0,0.0
620,6,t&p matrix,False,True,91,48,0,0,20.53846153846154,7.153846153846154,7.653846153846154,26,5,0,0.0
621,6,t&p matrix,False,True,91,49,0,0,12.857142857142858,14.857142857142858,3.6666666666666665,42,8,0,0.0
622,6,t&p matrix,False,True,91,50,0,0,49.97674418604651,10.790697674418604,-0.06976744186046512,43,8,0,0.0
623,6,t&p matrix,False,True,91,51,0,0,10.975609756097562,9.414634146341463,2.975609756097561,41,10,0,0.0
624,6,t&p matrix,False,False,91,1,1018,44,26.265822784810126,23.68354430379747,38.9873417721519,79,11,3,0.036585365853658534
625,6,t&p matrix,False,False,91,2,105,2,0.0,24.975,19.2,40,5,1,0.024390243902439025
626,6,t&p matrix,False,False,91,3,0,0,0.0,33.6875,18.25,32,6,1,0.030303030303030304
627,6,t&p matrix,False,False,91,4,0,0,29.529411764705884,35.0,19.764705882352942,17,3,0,0.0
628,6,t&p matrix,False,False,91,6,0,0,21.274509803921568,14.745098039215685,19.84313725490196,51,8,3,0.05555555555555555
629,6,t&p matrix,False,False,91,7,0,0,25.28125,33.90625,12.65625,32,6,2,0.058823529411764705
630,6,t&p matrix,False,False,91,8,6,1,23.62962962962963,26.11111111111111,13.62962962962963,27,5,1,0.03571428571428571
631,6,t&p matrix,False,False,91,9,18,1,50.714285714285715,34.714285714285715,0.3333333333333333,21,5,1,0.045454545454545456
632,6,t&p matrix,False,False,91,10,3,1,21.73913043478261,19.695652173913043,6.586956521739131,46,8,3,0.061224489795918366
633,6,t&p matrix,False,False,91,11,0,0,37.29032258064516,26.129032258064516,16.870967741935484,31,8,3,0.08823529411764706
634,6,t&p matrix,False,False,91,12,4,2,27.0,14.925,9.55,40,7,2,0.047619047619047616
635,6,t&p matrix,False,False,91,13,8,1,22.103448275862068,17.724137931034484,13.379310344827585,29,5,2,0.06451612903225806
636,6,t&p matrix,False,False,91,14,6,1,24.31111111111111,15.822222222222223,12.0,45,7,0,0.0
637,6,t&p matrix,False,False,91,15,0,0,45.17857142857143,19.285714285714285,3.4642857142857144,28,6,2,0.06666666666666667
638,6,t&p matrix,False,False,91,16,7,2,22.555555555555557,30.27777777777778,7.666666666666667,36,6,1,0.02702702702702703
639,6,t&p matrix,False,False,91,17,0,0,17.710526315789473,22.94736842105263,12.447368421052632,38,7,4,0.09523809523809523
640,6,t&p matrix,False,False,91,18,15,3,5.770833333333333,16.375,7.895833333333333,48,7,1,0.02040816326530612
641,6,t&p matrix,False,False,91,19,0,0,26.096774193548388,32.03225806451613,2.4838709677419355,31,7,2,0.06060606060606061
642,6,t&p matrix,False,False,91,20,11,2,25.106382978723403,8.425531914893616,5.340425531914893,47,7,2,0.04081632653061224
643,6,t&p matrix,False,False,91,21,0,0,23.228571428571428,46.34285714285714,5.0,35,8,1,0.027777777777777776
644,6,t&p matrix,False,False,91,22,9,1,34.0,13.325,9.175,40,7,4,0.09090909090909091
645,6,t&p matrix,False,False,91,23,6,1,51.333333333333336,30.095238095238095,8.619047619047619,21,5,1,0.045454545454545456
646,6,t&p matrix,False,False,91,24,0,0,21.31578947368421,22.894736842105264,6.315789473684211,38,7,3,0.07317073170731707
647,6,t&p matrix,False,False,91,25,0,0,21.069767441860463,16.186046511627907,4.232558139534884,43,8,3,0.06521739130434782
648,6,t&p matrix,False,False,91,26,0,0,19.372549019607842,28.352941176470587,8.313725490196079,51,9,4,0.07272727272727272
649,6,t&p matrix,False,False,91,27,3,3,24.594594594594593,22.945945945945947,6.675675675675675,37,8,3,0.075
650,6,t&p matrix,False,False,91,28,0,0,26.625,41.35,1.95,40,6,3,0.06976744186046512
651,6,t&p matrix,False,False,91,29,2,1,59.666666666666664,29.533333333333335,0.0,15,5,3,0.16666666666666666
652,6,t&p matrix,False,False,91,30,6,1,50.82608695652174,27.608695652173914,11.652173913043478,23,6,2,0.08
653,6,t&p matrix,False,False,91,31,1,1,67.5,16.9375,5.75,16,5,2,0.1111111111111111
654,6,t&p matrix,False,False,91,32,21,5,40.526315789473685,15.105263157894736,5.394736842105263,38,7,3,0.07317073170731707
655,6,t&p matrix,False,False,91,33,1,1,21.902439024390244,25.585365853658537,7.487804878048781,41,7,2,0.046511627906976744
656,6,t&p matrix,False,False,91,34,4,1,15.416666666666666,12.416666666666666,14.916666666666666,36,6,4,0.1
657,6,t&p matrix,False,False,91,35,3,1,30.71875,27.96875,5.21875,32,7,3,0.08571428571428572
658,6,t&p matrix,False,False,91,36,3,3,35.28947368421053,25.105263157894736,6.157894736842105,38,7,2,0.05
659,6,t&p matrix,False,False,91,37,0,0,18.710526315789473,16.63157894736842,10.736842105263158,38,7,1,0.02564102564102564
660,6,t&p matrix,False,False,91,38,0,0,23.86111111111111,23.13888888888889,7.083333333333333,36,7,2,0.05263157894736842
661,6,t&p matrix,False,False,91,39,0,0,28.82857142857143,25.457142857142856,7.6571428571428575,35,9,3,0.07894736842105263
662,6,t&p matrix,False,False,91,40,8,2,31.942857142857143,25.228571428571428,16.8,35,7,4,0.10256410256410256
663,6,t&p matrix,False,False,91,41,5,1,47.7037037037037,26.59259259259259,8.925925925925926,27,7,2,0.06896551724137931
664,6,t&p matrix,False,False,91,42,0,0,70.16666666666667,14.61111111111111,0.0,18,5,3,0.14285714285714285
665,6,t&p matrix,False,False,91,45,195,7,49.18181818181818,33.5,4.7272727272727275,22,5,0,0.0
666,6,t&p matrix,False,False,91,46,0,0,32.166666666666664,27.166666666666668,14.472222222222221,36,6,1,0.02702702702702703
667,6,t&p matrix,False,False,91,47,1,1,41.03225806451613,11.64516129032258,9.290322580645162,31,5,1,0.03125
668,6,t&p matrix,False,False,91,48,5,1,25.32,28.32,14.64,25,5,0,0.0
669,6,t&p matrix,False,False,91,49,0,0,11.275,18.1,26.2,40,8,1,0.024390243902439025
670,6,t&p matrix,False,False,91,50,1,1,50.24390243902439,21.658536585365855,4.902439024390244,41,8,2,0.046511627906976744
671,6,t&p matrix,False,False,91,51,7,1,12.720930232558139,23.86046511627907,16.46511627906977,43,10,2,0.044444444444444446
672,7,t&p matrix,False,True,91,1,1096,46,25.354430379746834,29.21518987341772,37.936708860759495,79,11,0,0.0
673,7,t&p matrix,False,True,91,2,0,0,2.1463414634146343,9.731707317073171,25.951219512195124,41,5,0,0.0
674,7,t&p matrix,False,True,91,3,0,0,18.87878787878788,30.363636363636363,14.848484848484848,33,6,0,0.0
675,7,t&p matrix,False,True,91,4,0,0,37.22222222222222,38.166666666666664,9.222222222222221,18,3,0,0.0
676,7,t&p matrix,False,True,91,6,0,0,4.927272727272728,23.0,19.145454545454545,55,8,0,0.0
677,7,t&p matrix,False,True,91,7,0,0,23.676470588235293,14.5,15.970588235294118,34,6,0,0.0
678,7,t&p matrix,False,True,91,8,0,0,14.32258064516129,29.29032258064516,18.032258064516128,31,5,0,0.0
679,7,t&p matrix,False,True,91,9,0,0,42.095238095238095,29.19047619047619,16.904761904761905,21,5,0,0.0
680,7,t&p matrix,False,True,91,10,0,0,16.875,9.979166666666666,17.916666666666668,48,8,0,0.0
681,7,t&p matrix,False,True,91,11,0,0,39.5,20.11764705882353,9.529411764705882,34,8,0,0.0
682,7,t&p matrix,False,True,91,12,0,0,21.658536585365855,17.634146341463413,9.268292682926829,41,7,0,0.0
683,7,t&p matrix,False,True,91,13,0,0,26.129032258064516,20.548387096774192,14.64516129032258,31,5,0,0.0
684,7,t&p matrix,False,True,91,14,0,0,31.933333333333334,20.533333333333335,3.8,45,7,0,0.0
685,7,t&p matrix,False,True,91,15,0,0,31.272727272727273,24.333333333333332,10.424242424242424,33,6,0,0.0
686,7,t&p matrix,False,True,91,16,0,0,20.72222222222222,15.472222222222221,8.472222222222221,36,6,0,0.0
687,7,t&p matrix,False,True,91,17,0,0,13.820512820512821,23.025641025641026,4.564102564102564,39,7,0,0.0
688,7,t&p matrix,False,True,91,18,0,0,2.5217391304347827,12.26086956521739,13.521739130434783,46,7,0,0.0
689,7,t&p matrix,False,True,91,19,0,0,29.193548387096776,31.870967741935484,-0.5806451612903226,31,7,0,0.0
690,7,t&p matrix,False,True,91,20,0,0,14.795918367346939,21.571428571428573,5.204081632653061,49,7,0,0.0
691,7,t&p matrix,False,True,91,21,0,0,38.91891891891892,14.27027027027027,7.324324324324325,37,8,0,0.0
692,7,t&p matrix,False,True,91,22,0,0,16.022222222222222,19.066666666666666,3.933333333333333,45,7,0,0.0
693,7,t&p matrix,False,True,91,23,0,0,57.31818181818182,24.181818181818183,4.136363636363637,22,5,0,0.0
694,7,t&p matrix,False,True,91,24,0,0,14.790697674418604,16.0,0.813953488372093,43,7,0,0.0
695,7,t&p matrix,False,True,91,25,0,0,25.847826086956523,16.195652173913043,0.08695652173913043,46,8,0,0.0
696,7,t&p matrix,False,True,91,26,0,0,26.155172413793103,20.70689655172414,5.844827586206897,58,9,0,0.0
697,7,t&p matrix,False,True,91,27,0,0,29.358974358974358,10.871794871794872,2.5128205128205128,39,8,0,0.0
698,7,t&p matrix,False,True,91,28,0,0,30.414634146341463,9.21951219512195,0.7804878048780488,41,6,0,0.0
699,7,t&p matrix,False,True,91,29,0,0,64.94444444444444,10.055555555555555,4.444444444444445,18,5,0,0.0
700,7,t&p matrix,False,True,91,30,0,0,51.57692307692308,16.076923076923077,3.3076923076923075,26,6,0,0.0
701,7,t&p matrix,False,True,91,31,0,0,67.80952380952381,21.142857142857142,0.0,21,5,0,0.0
702,7,t&p matrix,False,True,91,32,0,0,22.522727272727273,5.704545454545454,8.295454545454545,44,7,0,0.0
703,7,t&p matrix,False,True,91,33,0,0,34.19565217391305,3.6739130434782608,0.7608695652173914,46,7,0,0.0
704,7,t&p matrix,False,True,91,34,0,0,22.558139534883722,7.953488372093023,2.046511627906977,43,6,0,0.0
705,7,t&p matrix,False,True,91,35,0,0,44.351351351351354,2.5135135135135136,-0.13513513513513514,37,7,0,0.0
706,7,t&p matrix,False,True,91,36,0,0,30.70731707317073,9.21951219512195,4.146341463414634,41,7,0,0.0
707,7,t&p matrix,False,True,91,37,0,0,16.88095238095238,5.190476190476191,-0.8571428571428571,42,7,0,0.0
708,7,t&p matrix,False,True,91,38,0,0,29.2972972972973,4.702702702702703,1.5675675675675675,37,7,0,0.0
709,7,t&p matrix,False,True,91,39,0,0,36.1578947368421,5.868421052631579,1.3421052631578947,38,9,0,0.0
710,7,t&p matrix,False,True,91,40,0,0,23.075,5.7,3.25,40,7,0,0.0
711,7,t&p matrix,False,True,91,41,0,0,52.107142857142854,19.25,6.071428571428571,28,7,0,0.0
712,7,t&p matrix,False,True,91,42,0,0,75.3157894736842,9.105263157894736,0.0,19,5,0,0.0
713,7,t&p matrix,False,True,91,45,0,0,25.28,19.8,6.32,25,5,0,0.0
714,7,t&p matrix,False,True,91,46,0,0,18.58974358974359,14.0,4.564102564102564,39,6,0,0.0
715,7,t&p matrix,False,True,91,47,0,0,16.96875,6.15625,5.5,32,5,0,0.0
716,7,t&p matrix,False,True,91,48,0,0,33.375,7.166666666666667,5.333333333333333,24,5,0,0.0
717,7,t&p matrix,False,True,91,49,0,0,24.682926829268293,14.853658536585366,1.0731707317073171,41,8,0,0.0
718,7,t&p matrix,False,True,91,50,0,0,23.866666666666667,13.11111111111111,6.333333333333333,45,8,0,0.0
719,7,t&p matrix,False,True,91,51,0,0,16.547619047619047,9.142857142857142,3.2857142857142856,42,10,0,0.0
720,7,t&p matrix,False,False,91,1,1096,46,25.354430379746834,28.139240506329113,37.91139240506329,79,11,1,0.0125
721,7,t&p matrix,False,False,91,2,0,0,2.3157894736842106,10.973684210526315,26.236842105263158,38,5,2,0.05
722,7,t&p matrix,False,False,91,3,0,0,16.78125,31.65625,10.8125,32,6,2,0.058823529411764705
723,7,t&p matrix,False,False,91,4,1,1,37.375,42.875,5.25,16,3,3,0.15789473684210525
724,7,t&p matrix,False,False,91,6,39,3,8.826923076923077,24.96153846153846,20.71153846153846,52,8,2,0.037037037037037035
725,7,t&p matrix,False,False,91,7,0,0,24.033333333333335,12.0,28.1,30,6,2,0.0625
726,7,t&p matrix,False,False,91,8,0,0,15.678571428571429,34.57142857142857,13.428571428571429,28,5,2,0.06666666666666667
727,7,t&p matrix,False,False,91,9,29,3,36.15,30.65,23.75,20,5,0,0.0
728,7,t&p matrix,False,False,91,10,3,3,21.148936170212767,13.46808510638298,18.404255319148938,47,8,2,0.04081632653061224
729,7,t&p matrix,False,False,91,11,0,0,37.44117647058823,18.11764705882353,13.823529411764707,34,8,2,0.05555555555555555
730,7,t&p matrix,False,False,91,12,7,2,22.65,18.45,10.825,40,7,1,0.024390243902439025
731,7,t&p matrix,False,False,91,13,22,1,31.82758620689655,21.75862068965517,15.655172413793103,29,5,1,0.03333333333333333
732,7,t&p matrix,False,False,91,14,0,0,36.0,22.925,6.075,40,7,2,0.047619047619047616
733,7,t&p matrix,False,False,91,15,6,1,30.1,31.966666666666665,12.133333333333333,30,6,2,0.0625
734,7,t&p matrix,False,False,91,16,0,0,20.457142857142856,17.17142857142857,10.028571428571428,35,6,3,0.07894736842105263
735,7,t&p matrix,False,False,91,17,0,0,15.105263157894736,26.05263157894737,6.026315789473684,38,7,3,0.07317073170731707
736,7,t&p matrix,False,False,91,18,38,2,5.456521739130435,13.41304347826087,16.76086956521739,46,7,2,0.041666666666666664
737,7,t&p matrix,False,False,91,19,0,0,34.3448275862069,37.13793103448276,-0.034482758620689655,29,7,1,0.03333333333333333
738,7,t&p matrix,False,False,91,20,0,0,15.425531914893616,11.425531914893616,7.9361702127659575,47,7,4,0.0784313725490196
739,7,t&p matrix,False,False,91,21,4,2,44.529411764705884,22.58823529411765,13.117647058823529,34,8,2,0.05555555555555555
740,7,t&p matrix,False,False,91,22,3,1,16.627906976744185,16.976744186046513,8.790697674418604,43,7,3,0.06521739130434782
741,7,t&p matrix,False,False,91,23,13,4,58.75,23.05,4.4,20,5,1,0.047619047619047616
742,7,t&p matrix,False,False,91,24,4,3,12.63888888888889,35.583333333333336,4.055555555555555,36,7,2,0.05263157894736842
743,7,t&p matrix,False,False,91,25,2,1,27.782608695652176,19.97826086956522,2.260869565217391,46,8,2,0.041666666666666664
744,7,t&p matrix,False,False,91,26,0,0,28.6,20.02,5.72,50,9,4,0.07407407407407407
745,7,t&p matrix,False,False,91,27,5,3,32.28947368421053,24.68421052631579,2.4473684210526314,38,8,1,0.02564102564102564
746,7,t&p matrix,False,False,91,28,0,0,35.56410256410256,26.307692307692307,7.769230769230769,39,6,2,0.04878048780487805
747,7,t&p matrix,False,False,91,29,0,0,64.14285714285714,12.785714285714286,6.285714285714286,14,5,3,0.17647058823529413
748,7,t&p matrix,False,False,91,30,12,2,61.34615384615385,23.846153846153847,3.3846153846153846,26,6,1,0.037037037037037035
749,7,t&p matrix,False,False,91,31,1,1,58.21052631578947,23.68421052631579,-0.2631578947368421,19,5,1,0.05
750,7,t&p matrix,False,False,91,32,7,5,26.51219512195122,16.341463414634145,10.073170731707316,41,7,1,0.023809523809523808
751,7,t&p matrix,False,False,91,33,0,0,40.55,11.625,5.075,40,7,2,0.047619047619047616
752,7,t&p matrix,False,False,91,34,94,2,27.743589743589745,15.487179487179487,19.333333333333332,39,6,0,0.0
753,7,t&p matrix,False,False,91,35,0,0,42.567567567567565,11.0,5.243243243243243,37,7,1,0.02631578947368421
754,7,t&p matrix,False,False,91,36,0,0,33.775,18.525,8.125,40,7,2,0.047619047619047616
755,7,t&p matrix,False,False,91,37,0,0,14.744186046511627,14.418604651162791,1.372093023255814,43,7,1,0.022727272727272728
756,7,t&p matrix,False,False,91,38,0,0,27.82051282051282,13.153846153846153,5.666666666666667,39,7,0,0.0
757,7,t&p matrix,False,False,91,39,0,0,34.0,15.925,3.05,40,9,0,0.0
758,7,t&p matrix,False,False,91,40,0,0,20.725,38.95,11.425,40,7,2,0.047619047619047616
759,7,t&p matrix,False,False,91,41,5,1,48.8,28.8,7.04,25,7,3,0.10714285714285714
760,7,t&p matrix,False,False,91,42,6,1,73.5,12.5,0.0,20,5,1,0.047619047619047616
761,7,t&p matrix,False,False,91,45,40,4,50.57142857142857,33.80952380952381,4.190476190476191,21,5,0,0.0
762,7,t&p matrix,False,False,91,46,0,0,23.735294117647058,29.11764705882353,13.235294117647058,34,6,3,0.08108108108108109
763,7,t&p matrix,False,False,91,47,14,2,22.90625,17.03125,8.90625,32,5,0,0.0
764,7,t&p matrix,False,False,91,48,0,0,33.25,24.291666666666668,10.458333333333334,24,5,0,0.0
765,7,t&p matrix,False,False,91,49,0,0,26.073170731707318,14.292682926829269,10.292682926829269,41,8,0,0.0
766,7,t&p matrix,False,False,91,50,0,0,26.4390243902439,23.902439024390244,21.804878048780488,41,8,1,0.023809523809523808
767,7,t&p matrix,False,False,91,51,2,2,18.568181818181817,10.0,13.068181818181818,44,10,1,0.022222222222222223
768,8,t&p matrix,False,True,91,1,1082,44,25.53012048192771,32.45783132530121,30.0,83,11,0,0.0
769,8,t&p matrix,False,True,91,2,0,0,9.128205128205128,9.256410256410257,23.71794871794872,39,5,0,0.0
770,8,t&p matrix,False,True,91,3,0,0,14.483870967741936,40.87096774193548,15.064516129032258,31,6,0,0.0
771,8,t&p matrix,False,True,91,4,39,1,45.36842105263158,21.736842105263158,15.789473684210526,19,3,0,0.0
772,8,t&p matrix,False,True,91,6,0,0,10.283018867924529,15.566037735849056,23.754716981132077,53,8,0,0.0
773,8,t&p matrix,False,True,91,7,0,0,22.060606060606062,19.87878787878788,19.393939393939394,33,6,0,0.0
774,8,t&p matrix,False,True,91,8,0,0,21.82758620689655,15.551724137931034,15.620689655172415,29,5,0,0.0
775,8,t&p matrix,False,True,91,9,0,0,33.333333333333336,29.952380952380953,20.761904761904763,21,5,0,0.0
776,8,t&p matrix,False,True,91,10,0,0,10.673469387755102,11.979591836734693,16.306122448979593,49,8,0,0.0
777,8,t&p matrix,False,True,91,11,0,0,38.457142857142856,29.885714285714286,7.457142857142857,35,8,0,0.0
778,8,t&p matrix,False,True,91,12,0,0,19.285714285714285,12.666666666666666,15.404761904761905,42,7,0,0.0
779,8,t&p matrix,False,True,91,13,0,0,20.419354838709676,23.483870967741936,12.516129032258064,31,5,0,0.0
780,8,t&p matrix,False,True,91,14,0,0,27.209302325581394,15.581395348837209,6.72093023255814,43,7,0,0.0
781,8,t&p matrix,False,True,91,15,0,0,43.0625,14.0625,5.15625,32,6,0,0.0
782,8,t&p matrix,False,True,91,16,0,0,31.56756756756757,19.56756756756757,9.432432432432432,37,6,0,0.0
783,8,t&p matrix,False,True,91,17,0,0,18.930232558139537,26.930232558139537,-0.09302325581395349,43,7,0,0.0
784,8,t&p matrix,False,True,91,18,0,0,2.1739130434782608,8.130434782608695,13.021739130434783,46,7,0,0.0
785,8,t&p matrix,False,True,91,19,0,0,26.61764705882353,23.764705882352942,-0.29411764705882354,34,7,0,0.0
786,8,t&p matrix,False,True,91,20,0,0,17.916666666666668,16.916666666666668,10.666666666666666,48,7,0,0.0
787,8,t&p matrix,False,True,91,21,0,0,30.157894736842106,16.31578947368421,6.7894736842105265,38,8,0,0.0
788,8,t&p matrix,False,True,91,22,0,0,23.863636363636363,21.75,4.75,44,7,0,0.0
789,8,t&p matrix,False,True,91,23,0,0,50.48,3.52,-0.28,25,5,0,0.0
790,8,t&p matrix,False,True,91,24,0,0,30.025641025641026,14.76923076923077,3.8974358974358974,39,7,0,0.0
791,8,t&p matrix,False,True,91,25,0,0,31.130434782608695,18.456521739130434,0.06521739130434782,46,8,0,0.0
792,8,t&p matrix,False,True,91,26,0,0,18.732142857142858,26.196428571428573,4.803571428571429,56,9,0,0.0
793,8,t&p matrix,False,True,91,27,0,0,26.075,6.825,2.2,40,8,0,0.0
794,8,t&p matrix,False,True,91,28,0,0,27.804878048780488,8.390243902439025,3.7804878048780486,41,6,0,0.0
795,8,t&p matrix,False,True,91,29,0,0,51.526315789473685,18.473684210526315,-0.8421052631578947,19,5,0,0.0
796,8,t&p matrix,False,True,91,30,0,0,63.074074074074076,9.777777777777779,3.4074074074074074,27,6,0,0.0
797,8,t&p matrix,False,True,91,31,0,0,40.59090909090909,20.045454545454547,4.181818181818182,22,5,0,0.0
798,8,t&p matrix,False,True,91,32,0,0,23.61904761904762,19.523809523809526,2.5714285714285716,42,7,0,0.0
799,8,t&p matrix,False,True,91,33,0,0,32.142857142857146,15.976190476190476,1.4047619047619047,42,7,0,0.0
800,8,t&p matrix,False,True,91,34,0,0,18.536585365853657,9.463414634146341,2.658536585365854,41,6,0,0.0
801,8,t&p matrix,False,True,91,35,0,0,30.5,13.583333333333334,0.4166666666666667,36,7,0,0.0
802,8,t&p matrix,False,True,91,36,0,0,27.658536585365855,10.560975609756097,6.609756097560975,41,7,0,0.0
803,8,t&p matrix,False,True,91,37,0,0,15.717948717948717,10.282051282051283,0.717948717948718,39,7,0,0.0
804,8,t&p matrix,False,True,91,38,0,0,32.89473684210526,11.552631578947368,2.0526315789473686,38,7,0,0.0
805,8,t&p matrix,False,True,91,39,0,0,29.710526315789473,4.184210526315789,1.5263157894736843,38,9,0,0.0
806,8,t&p matrix,False,True,91,40,0,0,18.41860465116279,6.8604651162790695,4.465116279069767,43,7,0,0.0
807,8,t&p matrix,False,True,91,41,0,0,49.13793103448276,10.96551724137931,-0.06896551724137931,29,7,0,0.0
808,8,t&p matrix,False,True,91,42,0,0,72.66666666666667,3.857142857142857,4.190476190476191,21,5,0,0.0
809,8,t&p matrix,False,True,91,45,0,0,24.96,13.0,7.32,25,5,0,0.0
810,8,t&p matrix,False,True,91,46,0,0,40.5,4.5,-0.75,40,6,0,0.0
811,8,t&p matrix,False,True,91,47,0,0,11.25,9.0,1.71875,32,5,0,0.0
812,8,t&p matrix,False,True,91,48,0,0,37.88461538461539,10.0,-0.4230769230769231,26,5,0,0.0
813,8,t&p matrix,False,True,91,49,0,0,19.902439024390244,9.902439024390244,0.6097560975609756,41,8,0,0.0
814,8,t&p matrix,False,True,91,50,0,0,36.644444444444446,11.666666666666666,2.022222222222222,45,8,0,0.0
815,8,t&p matrix,False,True,91,51,0,0,25.853658536585368,6.487804878048781,3.6097560975609757,41,10,0,0.0
816,8,t&p matrix,False,False,91,1,1090,45,24.901234567901234,33.39506172839506,30.97530864197531,81,11,1,0.012195121951219513
817,8,t&p matrix,False,False,91,2,0,0,4.9714285714285715,5.171428571428572,27.142857142857142,35,5,4,0.10256410256410256
818,8,t&p matrix,False,False,91,3,3,1,21.517241379310345,38.44827586206897,14.448275862068966,29,6,4,0.12121212121212122
819,8,t&p matrix,False,False,91,4,35,1,46.0625,26.0625,15.875,16,3,3,0.15789473684210525
820,8,t&p matrix,False,False,91,6,35,6,16.28846153846154,20.75,21.596153846153847,52,8,1,0.018867924528301886
821,8,t&p matrix,False,False,91,7,0,0,22.060606060606062,19.848484848484848,22.575757575757574,33,6,0,0.0
822,8,t&p matrix,False,False,91,8,0,0,23.766666666666666,16.733333333333334,15.233333333333333,30,5,0,0.0
823,8,t&p matrix,False,False,91,9,0,0,28.05263157894737,33.10526315789474,18.157894736842106,19,5,1,0.05
824,8,t&p matrix,False,False,91,10,3,1,9.395833333333334,16.666666666666668,19.020833333333332,48,8,2,0.04
825,8,t&p matrix,False,False,91,11,0,0,43.666666666666664,25.727272727272727,10.272727272727273,33,8,1,0.029411764705882353
826,8,t&p matrix,False,False,91,12,5,1,21.829268292682926,15.609756097560975,14.048780487804878,41,7,2,0.046511627906976744
827,8,t&p matrix,False,False,91,13,6,1,21.4,27.466666666666665,13.566666666666666,30,5,0,0.0
828,8,t&p matrix,False,False,91,14,0,0,26.341463414634145,17.804878048780488,12.21951219512195,41,7,3,0.06818181818181818
829,8,t&p matrix,False,False,91,15,6,1,45.46666666666667,18.566666666666666,2.533333333333333,30,6,1,0.03225806451612903
830,8,t&p matrix,False,False,91,16,0,0,34.083333333333336,19.805555555555557,9.805555555555555,36,6,1,0.02702702702702703
831,8,t&p matrix,False,False,91,17,0,0,19.804878048780488,27.829268292682926,2.0,41,7,1,0.023809523809523808
832,8,t&p matrix,False,False,91,18,20,1,0.19148936170212766,12.702127659574469,15.46808510638298,47,7,0,0.0
833,8,t&p matrix,False,False,91,19,0,0,32.064516129032256,23.258064516129032,5.290322580645161,31,7,1,0.03125
834,8,t&p matrix,False,False,91,20,5,1,16.571428571428573,21.122448979591837,11.040816326530612,49,7,1,0.02
835,8,t&p matrix,False,False,91,21,0,0,28.11111111111111,18.86111111111111,7.472222222222222,36,8,3,0.07692307692307693
836,8,t&p matrix,False,False,91,22,2,1,27.51219512195122,22.853658536585368,8.121951219512194,41,7,1,0.023809523809523808
837,8,t&p matrix,False,False,91,23,0,0,53.31818181818182,12.363636363636363,3.6363636363636362,22,5,1,0.043478260869565216
838,8,t&p matrix,False,False,91,24,4,1,34.486486486486484,14.405405405405405,2.7027027027027026,37,7,3,0.075
839,8,t&p matrix,False,False,91,25,5,1,30.155555555555555,18.0,2.6444444444444444,45,8,1,0.021739130434782608
840,8,t&p matrix,False,False,91,26,0,0,22.403846153846153,23.884615384615383,9.48076923076923,52,9,3,0.05454545454545454
841,8,t&p matrix,False,False,91,27,5,1,23.114285714285714,23.085714285714285,7.142857142857143,35,8,3,0.07894736842105263
842,8,t&p matrix,False,False,91,28,4,1,27.794871794871796,18.307692307692307,3.8974358974358974,39,6,3,0.07142857142857142
843,8,t&p matrix,False,False,91,29,13,2,68.82352941176471,15.764705882352942,5.235294117647059,17,5,1,0.05555555555555555
844,8,t&p matrix,False,False,91,30,1,1,61.36,17.44,7.04,25,6,1,0.038461538461538464
845,8,t&p matrix,False,False,91,31,1,1,55.6875,27.8125,5.5625,16,5,3,0.15789473684210525
846,8,t&p matrix,False,False,91,32,5,2,33.1578947368421,20.13157894736842,3.3684210526315788,38,7,4,0.09523809523809523
847,8,t&p matrix,False,False,91,33,8,2,32.5,28.416666666666668,1.5555555555555556,36,7,4,0.1
848,8,t&p matrix,False,False,91,34,85,3,21.81578947368421,21.13157894736842,6.921052631578948,38,6,2,0.05
849,8,t&p matrix,False,False,91,35,24,1,30.54054054054054,17.783783783783782,2.972972972972973,37,7,1,0.02631578947368421
850,8,t&p matrix,False,False,91,36,1,1,30.761904761904763,14.5,8.547619047619047,42,7,0,0.0
851,8,t&p matrix,False,False,91,37,0,0,18.564102564102566,17.487179487179485,4.923076923076923,39,7,3,0.07142857142857142
852,8,t&p matrix,False,False,91,38,1,1,35.44736842105263,15.473684210526315,7.078947368421052,38,7,2,0.05
853,8,t&p matrix,False,False,91,39,0,0,31.77777777777778,12.444444444444445,4.305555555555555,36,9,3,0.07692307692307693
854,8,t&p matrix,False,False,91,40,0,0,22.435897435897434,33.15384615384615,12.692307692307692,39,7,3,0.07142857142857142
855,8,t&p matrix,False,False,91,41,0,0,49.2962962962963,23.40740740740741,9.11111111111111,27,7,1,0.03571428571428571
856,8,t&p matrix,False,False,91,42,5,1,73.94736842105263,9.052631578947368,0.0,19,5,2,0.09523809523809523
857,8,t&p matrix,False,False,91,45,31,7,61.57142857142857,17.047619047619047,5.619047619047619,21,5,0,0.0
858,8,t&p matrix,False,False,91,46,0,0,49.611111111111114,17.27777777777778,5.555555555555555,36,6,1,0.02702702702702703
859,8,t&p matrix,False,False,91,47,5,1,16.285714285714285,17.321428571428573,10.321428571428571,28,5,3,0.0967741935483871
860,8,t&p matrix,False,False,91,48,0,0,40.63636363636363,32.36363636363637,2.6363636363636362,22,5,2,0.08333333333333333
861,8,t&p matrix,False,False,91,49,3,2,21.473684210526315,23.94736842105263,5.5,38,8,1,0.02564102564102564
862,8,t&p matrix,False,False,91,50,0,0,39.19512195121951,22.48780487804878,5.2439024390243905,41,8,3,0.06818181818181818
863,8,t&p matrix,False,False,91,51,2,2,30.609756097560975,14.073170731707316,8.804878048780488,41,10,3,0.06818181818181818
864,9,t&p matrix,False,True,91,1,1092,44,13.170731707317072,29.109756097560975,47.390243902439025,82,11,0,0.0
865,9,t&p matrix,False,True,91,2,0,0,2.25,7.3,25.3,40,5,0,0.0
866,9,t&p matrix,False,True,91,3,0,0,21.90625,19.09375,25.46875,32,6,0,0.0
867,9,t&p matrix,False,True,91,4,29,1,30.94736842105263,24.68421052631579,21.263157894736842,19,3,0,0.0
868,9,t&p matrix,False,True,91,6,0,0,13.547169811320755,18.339622641509433,19.32075471698113,53,8,0,0.0
869,9,t&p matrix,False,True,91,7,0,0,24.727272727272727,27.333333333333332,10.818181818181818,33,6,0,0.0
870,9,t&p matrix,False,True,91,8,0,0,26.7,29.166666666666668,0.3,30,5,0,0.0
871,9,t&p matrix,False,True,91,9,0,0,29.952380952380953,33.80952380952381,20.761904761904763,21,5,0,0.0
872,9,t&p matrix,False,True,91,10,0,0,15.104166666666666,14.708333333333334,19.125,48,8,0,0.0
873,9,t&p matrix,False,True,91,11,0,0,25.542857142857144,34.51428571428571,9.657142857142857,35,8,0,0.0
874,9,t&p matrix,False,True,91,12,0,0,22.23076923076923,9.307692307692308,20.76923076923077,39,7,0,0.0
875,9,t&p matrix,False,True,91,13,0,0,21.818181818181817,24.87878787878788,7.545454545454546,33,5,0,0.0
876,9,t&p matrix,False,True,91,14,0,0,16.674418604651162,23.325581395348838,9.767441860465116,43,7,0,0.0
877,9,t&p matrix,False,True,91,15,0,0,62.96666666666667,11.933333333333334,-0.3333333333333333,30,6,0,0.0
878,9,t&p matrix,False,True,91,16,0,0,22.666666666666668,17.30952380952381,2.857142857142857,42,6,0,0.0
879,9,t&p matrix,False,True,91,17,0,0,20.714285714285715,21.166666666666668,3.5,42,7,0,0.0
880,9,t&p matrix,False,True,91,18,0,0,1.8085106382978724,18.170212765957448,9.042553191489361,47,7,0,0.0
881,9,t&p matrix,False,True,91,19,0,0,17.516129032258064,19.29032258064516,13.935483870967742,31,7,0,0.0
882,9,t&p matrix,False,True,91,20,0,0,17.68,17.92,8.26,50,7,0,0.0
883,9,t&p matrix,False,True,91,21,0,0,30.435897435897434,19.641025641025642,9.025641025641026,39,8,0,0.0
884,9,t&p matrix,False,True,91,22,0,0,27.32608695652174,16.608695652173914,-0.8043478260869565,46,7,0,0.0
885,9,t&p matrix,False,True,91,23,0,0,35.0,19.347826086956523,3.5652173913043477,23,5,0,0.0
886,9,t&p matrix,False,True,91,24,0,0,18.487179487179485,18.23076923076923,2.282051282051282,39,7,0,0.0
887,9,t&p matrix,False,True,91,25,0,0,23.04255319148936,19.29787234042553,2.0425531914893615,47,8,0,0.0
888,9,t&p matrix,False,True,91,26,0,0,21.313725490196077,19.627450980392158,5.431372549019608,51,9,0,0.0
889,9,t&p matrix,False,True,91,27,0,0,30.526315789473685,8.605263157894736,6.7368421052631575,38,8,0,0.0
890,9,t&p matrix,False,True,91,28,0,0,28.025,16.1,1.275,40,6,0,0.0
891,9,t&p matrix,False,True,91,29,0,0,39.72222222222222,14.222222222222221,4.555555555555555,18,5,0,0.0
892,9,t&p matrix,False,True,91,30,0,0,48.25,22.071428571428573,5.964285714285714,28,6,0,0.0
893,9,t&p matrix,False,True,91,31,0,0,59.38095238095238,17.095238095238095,4.428571428571429,21,5,0,0.0
894,9,t&p matrix,False,True,91,32,0,0,33.55813953488372,11.767441860465116,1.4883720930232558,43,7,0,0.0
895,9,t&p matrix,False,True,91,33,0,0,34.79545454545455,7.818181818181818,0.20454545454545456,44,7,0,0.0
896,9,t&p matrix,False,True,91,34,0,0,25.55,1.2,2.575,40,6,0,0.0
897,9,t&p matrix,False,True,91,35,0,0,35.888888888888886,8.13888888888889,2.7777777777777777,36,7,0,0.0
898,9,t&p matrix,False,True,91,36,0,0,25.128205128205128,13.692307692307692,2.4615384615384617,39,7,0,0.0
899,9,t&p matrix,False,True,91,37,0,0,19.146341463414632,4.170731707317073,3.0,41,7,0,0.0
900,9,t&p matrix,False,True,91,38,0,0,22.55263157894737,11.289473684210526,0.3684210526315789,38,7,0,0.0
901,9,t&p matrix,False,True,91,39,0,0,40.25,9.175,-0.3,40,9,0,0.0
902,9,t&p matrix,False,True,91,40,0,0,18.85,10.25,4.65,40,7,0,0.0
903,9,t&p matrix,False,True,91,41,0,0,50.10344827586207,15.0,5.413793103448276,29,7,0,0.0
904,9,t&p matrix,False,True,91,42,0,0,83.45454545454545,0.0,0.0,22,5,0,0.0
905,9,t&p matrix,False,True,91,45,0,0,19.0,9.107142857142858,5.035714285714286,28,5,0,0.0
906,9,t&p matrix,False,True,91,46,0,0,21.846153846153847,10.205128205128204,1.1025641025641026,39,6,0,0.0
907,9,t&p matrix,False,True,91,47,0,0,30.181818181818183,8.393939393939394,0.8484848484848485,33,5,0,0.0
908,9,t&p matrix,False,True,91,48,0,0,44.5,5.291666666666667,2.8333333333333335,24,5,0,0.0
909,9,t&p matrix,False,True,91,49,0,0,29.375,8.0,2.85,40,8,0,0.0
910,9,t&p matrix,False,True,91,50,0,0,34.36363636363637,13.613636363636363,2.25,44,8,0,0.0
911,9,t&p matrix,False,True,91,51,0,0,13.047619047619047,5.833333333333333,5.190476190476191,42,10,0,0.0
912,9,t&p matrix,False,False,91,1,1031,43,13.333333333333334,28.82051282051282,47.07692307692308,78,11,3,0.037037037037037035
913,9,t&p matrix,False,False,91,2,20,1,2.875,10.1,29.325,40,5,2,0.047619047619047616
914,9,t&p matrix,False,False,91,3,0,0,20.161290322580644,17.548387096774192,22.838709677419356,31,6,2,0.06060606060606061
915,9,t&p matrix,False,False,91,4,57,1,35.35294117647059,29.235294117647058,24.529411764705884,17,3,1,0.05555555555555555
916,9,t&p matrix,False,False,91,6,70,2,13.166666666666666,20.916666666666668,24.458333333333332,48,8,4,0.07692307692307693
917,9,t&p matrix,False,False,91,7,0,0,30.242424242424242,29.696969696969695,11.303030303030303,33,6,0,0.0
918,9,t&p matrix,False,False,91,8,0,0,31.964285714285715,28.571428571428573,4.035714285714286,28,5,3,0.0967741935483871
919,9,t&p matrix,False,False,91,9,0,0,33.10526315789474,29.05263157894737,18.263157894736842,19,5,1,0.05
920,9,t&p matrix,False,False,91,10,2,2,15.104166666666666,16.4375,18.020833333333332,48,8,1,0.02040816326530612
921,9,t&p matrix,False,False,91,11,0,0,22.06896551724138,36.62068965517241,22.310344827586206,29,8,2,0.06451612903225806
922,9,t&p matrix,False,False,91,12,6,2,21.476190476190474,10.952380952380953,18.88095238095238,42,7,1,0.023255813953488372
923,9,t&p matrix,False,False,91,13,4,1,24.696969696969695,28.727272727272727,6.2727272727272725,33,5,0,0.0
924,9,t&p matrix,False,False,91,14,0,0,16.076923076923077,27.41025641025641,12.846153846153847,39,7,4,0.09302325581395349
925,9,t&p matrix,False,False,91,15,13,4,68.72413793103448,9.379310344827585,3.103448275862069,29,6,0,0.0
926,9,t&p matrix,False,False,91,16,0,0,23.973684210526315,18.894736842105264,8.078947368421053,38,6,1,0.02564102564102564
927,9,t&p matrix,False,False,91,17,0,0,19.43243243243243,22.10810810810811,8.72972972972973,37,7,5,0.11904761904761904
928,9,t&p matrix,False,False,91,18,15,3,1.94,19.66,9.44,50,7,0,0.0
929,9,t&p matrix,False,False,91,19,0,0,22.65625,17.1875,16.25,32,7,0,0.0
930,9,t&p matrix,False,False,91,20,0,0,17.25531914893617,18.74468085106383,10.957446808510639,47,7,1,0.020833333333333332
931,9,t&p matrix,False,False,91,21,5,1,33.567567567567565,17.54054054054054,9.64864864864865,37,8,2,0.05128205128205128
932,9,t&p matrix,False,False,91,22,11,2,28.166666666666668,29.857142857142858,3.8333333333333335,42,7,3,0.06666666666666667
933,9,t&p matrix,False,False,91,23,2,1,41.18181818181818,28.545454545454547,3.909090909090909,22,5,0,0.0
934,9,t&p matrix,False,False,91,24,0,0,18.025,17.325,7.2,40,7,1,0.024390243902439025
935,9,t&p matrix,False,False,91,25,0,0,25.52173913043478,18.869565217391305,4.434782608695652,46,8,2,0.041666666666666664
936,9,t&p matrix,False,False,91,26,0,0,21.64,28.22,6.26,50,9,5,0.09090909090909091
937,9,t&p matrix,False,False,91,27,0,0,25.02777777777778,16.11111111111111,8.416666666666666,36,8,1,0.02702702702702703
938,9,t&p matrix,False,False,91,28,0,0,33.375,22.275,1.5,40,6,2,0.047619047619047616
939,9,t&p matrix,False,False,91,29,0,0,37.11764705882353,30.352941176470587,15.0,17,5,0,0.0
940,9,t&p matrix,False,False,91,30,0,0,54.07692307692308,26.76923076923077,6.653846153846154,26,6,2,0.07142857142857142
941,9,t&p matrix,False,False,91,31,11,2,62.1578947368421,23.473684210526315,4.631578947368421,19,5,0,0.0
942,9,t&p matrix,False,False,91,32,2,2,37.46341463414634,9.073170731707316,5.170731707317073,41,7,2,0.046511627906976744
943,9,t&p matrix,False,False,91,33,7,1,37.97727272727273,14.659090909090908,2.5454545454545454,44,7,1,0.022222222222222223
944,9,t&p matrix,False,False,91,34,0,0,26.435897435897434,9.538461538461538,4.205128205128205,39,6,3,0.07142857142857142
945,9,t&p matrix,False,False,91,35,0,0,36.37837837837838,10.27027027027027,5.72972972972973,37,7,1,0.02631578947368421
946,9,t&p matrix,False,False,91,36,0,0,20.0,25.342105263157894,5.157894736842105,38,7,2,0.05
947,9,t&p matrix,False,False,91,37,11,2,23.384615384615383,9.333333333333334,6.564102564102564,39,7,1,0.025
948,9,t&p matrix,False,False,91,38,0,0,20.65714285714286,23.571428571428573,1.5142857142857142,35,7,2,0.05405405405405406
949,9,t&p matrix,False,False,91,39,4,1,40.225,12.6,4.575,40,9,0,0.0
950,9,t&p matrix,False,False,91,40,0,0,22.88372093023256,23.674418604651162,6.8604651162790695,43,7,1,0.022727272727272728
951,9,t&p matrix,False,False,91,41,0,0,62.2,17.16,3.32,25,7,4,0.13793103448275862
952,9,t&p matrix,False,False,91,42,0,0,72.80952380952381,4.142857142857143,8.238095238095237,21,5,1,0.045454545454545456
953,9,t&p matrix,False,False,91,45,23,4,48.26315789473684,14.157894736842104,10.368421052631579,19,5,1,0.05
954,9,t&p matrix,False,False,91,46,14,1,28.6,22.97142857142857,7.0285714285714285,35,6,2,0.05405405405405406
955,9,t&p matrix,False,False,91,47,0,0,32.064516129032256,14.451612903225806,2.161290322580645,31,5,1,0.03125
956,9,t&p matrix,False,False,91,48,14,1,59.666666666666664,14.791666666666666,6.125,24,5,0,0.0
957,9,t&p matrix,False,False,91,49,0,0,27.2,10.075,9.75,40,8,1,0.024390243902439025
958,9,t&p matrix,False,False,91,50,0,0,36.357142857142854,24.0,6.0476190476190474,42,8,1,0.023255813953488372
959,9,t&p matrix,False,False,91,51,2,1,12.133333333333333,16.466666666666665,10.133333333333333,45,10,1,0.021739130434782608
